m=1000:n=1000:k=100:nb=64
 Provide M,N,K for ORGQR
 QR_TIME:   2.0323000848293304E-002   8.2230009138584137E-003   5.4140016436576843E-003   4.5010000467300415E-003   4.9160011112689972E-003   4.8600025475025177E-003
 QR_PERF:   17.788869010964007        43.964874111921425        66.775598493493618        80.320639023908726        73.540097289904367        74.387450719708227
 LQ_TIME:   1.9897997379302979E-002   7.7119991183280945E-003   4.6090036630630493E-003   4.5489966869354248E-003   4.7609955072402954E-003   4.7830045223236084E-003
 LQ_PERF:   18.168828405618378        46.878026624875396        78.438492661066590        79.473194833991315        75.934392177058882        75.584979757529084
 Provide M,N,K for ORGQR
 QR_TIME:   1.9323999062180519E-002   8.2670003175735474E-003   4.5820027589797974E-003   4.4410005211830139E-003   4.9390010535717010E-003   4.8910006880760193E-003
 QR_PERF:   18.708508463320413        43.730880139376950        78.900694525224310        81.405799948813296        73.197635732140597        73.915998597459406
 LQ_TIME:   1.9554000347852707E-002   7.8229978680610657E-003   4.5949965715408325E-003   4.4700056314468384E-003   4.8049986362457275E-003   4.8099979758262634E-003
 LQ_PERF:   18.488457275684777        46.212884893653147        78.677599508800284        80.877593857299729        75.239001583248665        75.160800860398979
 Provide M,N,K for ORGQR
 QR_TIME:   1.9440000876784325E-002   8.0680008977651596E-003   4.5020021498203278E-003   4.4459998607635498E-003   5.7789981365203857E-003   4.7600008547306061E-003
 QR_PERF:   18.596871589226055        44.809514101583964        80.302760409483184        81.314262555535151        62.558109807191961        75.950238462816529
 LQ_TIME:   2.0312000066041946E-002   8.0280005931854248E-003   4.6759992837905884E-003   4.4630020856857300E-003   5.0719976425170898E-003   4.7619938850402832E-003
 LQ_PERF:   17.798508213103183        45.032794380568355        77.314661114946091        81.004510654279201        71.278286284964864        75.918472120621331
 Provide M,N,K for ORGQR
 QR_TIME:   1.8768001347780228E-002   8.1610009074211121E-003   4.4879987835884094E-003   4.6619996428489685E-003   4.9949996173381805E-003   4.8360005021095276E-003
 QR_PERF:   19.262743714730121        44.298880014981137        80.553319515595263        77.546809887585397        72.377022561746372        74.756650633575987
 LQ_TIME:   1.9882004708051682E-002   8.1859976053237915E-003   4.6269968152046204E-003   4.7000050544738770E-003   4.8869997262954712E-003   4.6859979629516602E-003
 LQ_PERF:   18.183443033467984        44.163621519371333        78.133466358137596        76.919768342774532        73.976533711420572        77.149692095102907
 Provide M,N,K for ORGQR
 QR_TIME:   1.9405998289585114E-002   7.8800003975629807E-003   4.6939998865127563E-003   4.6139992773532867E-003   4.9200020730495453E-003   4.7290027141571045E-003
 QR_PERF:   18.629456449762941        45.878576365530002        77.018152692922428        78.353544998251351        73.480294242217369        76.448084691877312
 LQ_TIME:   1.9287999719381332E-002   7.5909942388534546E-003   4.6059936285018921E-003   4.5790001749992371E-003   4.8310011625289917E-003   4.6719983220100403E-003
 LQ_PERF:   18.743431421596679        47.625289734721832        78.489752517870102        78.952453850923959        74.834032913116786        77.380871113939378
m=1000:n=1000:k=110:nb=64
 Provide M,N,K for ORGQR
 QR_TIME:   2.0459000021219254E-002   8.5310004651546478E-003   5.1149986684322357E-003   4.9840025603771210E-003   5.4939985275268555E-003   5.6210011243820190E-003
 QR_PERF:   19.237617654420653        46.135552519028636        76.946729708657841        78.969144825282569        71.638610390595176        70.019985993735418
 LQ_TIME:   1.9609998911619186E-002   9.1089978814125061E-003   5.6800022721290588E-003   4.9280002713203430E-003   5.5480003356933594E-003   5.2260011434555054E-003
 LQ_PERF:   20.070502388799067        43.208104241974894        69.292671225019035        79.866580424223216        70.941331323984528        75.312369667748996
 Provide M,N,K for ORGQR
 QR_TIME:   2.0759999752044678E-002   8.7630022317171097E-003   4.9210004508495331E-003   5.0320029258728027E-003   5.4999999701976776E-003   5.2020028233528137E-003
 QR_PERF:   18.958690977885759        44.914107014084095        79.980163369433185        78.215856746890296        71.560440387757694        75.659785925745965
 LQ_TIME:   1.9978001713752747E-002   8.7039992213249207E-003   5.3619965910911560E-003   5.0129964947700500E-003   5.3009986877441406E-003   5.3099989891052246E-003
 LQ_PERF:   19.700795687141220        45.218585157466151        73.402234282268864        78.512428726135369        74.246864257853744        74.121017877316334
 Provide M,N,K for ORGQR
 QR_TIME:   2.1304000169038773E-002   9.3549992889165878E-003   5.0119981169700623E-003   4.8869997262954712E-003   5.5749975144863129E-003   5.2359998226165771E-003
 QR_PERF:   18.474578336325571        42.071881337960122        78.528046263100975        80.536615928634447        70.597774972508688        75.168531958298601
 LQ_TIME:   2.0035997033119202E-002   9.0639963746070862E-003   5.2210018038749695E-003   5.0550028681755066E-003   5.3030028939247131E-003   5.3040012717247009E-003
 LQ_PERF:   19.643770626907859        43.422626591359524        75.384484584526945        77.860001322225770        74.218803548250094        74.204833263929231
 Provide M,N,K for ORGQR
 QR_TIME:   2.1953999996185303E-002   9.2970021069049835E-003   5.0829984247684479E-003   4.9600005149841309E-003   5.6209973990917206E-003   5.2990019321441650E-003
 QR_PERF:   17.927594974418710        42.334336969514304        77.431151283099084        79.351286115997354        70.020032399160641        74.274821002139646
 LQ_TIME:   1.9492998719215393E-002   8.8010057806968689E-003   5.2810013294219971E-003   4.9149990081787109E-003   5.5700019001960754E-003   5.2090063691139221E-003
 LQ_PERF:   20.190968853449039        44.720176285219516        74.528011914565724        80.077845253898616        70.661112339323452        75.558081927811187
 Provide M,N,K for ORGQR
 QR_TIME:   2.0142000168561935E-002   9.0150013566017151E-003   5.0069987773895264E-003   5.3559988737106323E-003   6.2519982457160950E-003   5.3860023617744446E-003
 QR_PERF:   19.540384108143929        43.658609070732787        78.606454185155613        73.484410523657630        62.953059890841288        73.075055219681033
 LQ_TIME:   1.9527003169059753E-002   8.5970014333724976E-003   5.3289979696273804E-003   4.8859938979148865E-003   5.2229985594749451E-003   5.5349990725517273E-003
 LQ_PERF:   20.155808169459700        45.781373081102586        73.856761110291899        80.553217671426609        75.355665049152506        71.107966747779756
m=1000:n=1000:k=120:nb=64
 Provide M,N,K for ORGQR
 QR_TIME:   2.2579999640583992E-002   9.6319988369941711E-003   5.4480023682117462E-003   5.5689997971057892E-003   6.0509964823722839E-003   5.8129988610744476E-003
 QR_PERF:   18.818841752160893        44.116433898221530        77.997293554679374        76.302649574675144        70.224704515677900        73.099866377998566
 LQ_TIME:   2.2648997604846954E-002   9.3909949064254761E-003   5.7679936289787292E-003   5.3439959883689880E-003   6.1520040035247803E-003   5.7080015540122986E-003
 LQ_PERF:   18.761517282736776        45.248620006092864        73.670254742503460        79.515321666566308        69.071730082837618        74.444541750572270
 Provide M,N,K for ORGQR
 QR_TIME:   2.3045999929308891E-002   9.8739992827177048E-003   5.4889991879463196E-003   5.3570009768009186E-003   5.9929974377155304E-003   5.9080012142658234E-003
 QR_PERF:   18.438316467214484        43.035190486973889        77.414739089984295        79.322262930360409        70.904325325721942        71.924399570863187
 LQ_TIME:   2.4302996695041656E-002   9.6429958939552307E-003   5.6659951806068420E-003   5.4570063948631287E-003   5.8309957385063171E-003   5.7180002331733704E-003
 LQ_PERF:   17.484656947128457        44.066135117445150        74.996456307343522        77.868620494929431        72.874270374419964        74.314365629917617
 Provide M,N,K for ORGQR
 QR_TIME:   2.2215001285076141E-002   9.7000002861022949E-003   5.5090002715587616E-003   5.3690001368522644E-003   6.1720013618469238E-003   5.8839991688728333E-003
 QR_PERF:   19.128040306955292        43.807157470790898        77.133675631453002        79.144985876109047        68.847917407594863        72.217794021442984
 LQ_TIME:   2.3220002651214600E-002   9.2919990420341492E-003   5.8720037341117859E-003   5.3130015730857849E-003   5.8770030736923218E-003   6.0559958219528198E-003
 LQ_PERF:   18.300151226631002        45.730693479169467        72.365342264939130        79.979189570087300        72.303783862585448        70.166752503302916
 Provide M,N,K for ORGQR
 QR_TIME:   2.3561999201774597E-002   9.5290001481771469E-003   5.4209977388381958E-003   5.5579990148544312E-003   6.0409978032112122E-003   5.8620013296604156E-003
 QR_PERF:   18.034523996079077        44.593287164686110        78.385836052953053        76.453673141057450        70.340936024528986        72.488799661295204
 LQ_TIME:   2.2726997733116150E-002   9.4079971313476562E-003   5.5909976363182068E-003   5.3090006113052368E-003   5.9650018811225891E-003   5.7169944047927856E-003
 LQ_PERF:   18.697126870427901        45.166846255099848        76.002457457632786        80.039463377558278        71.237120870786711        74.327440244434129
 Provide M,N,K for ORGQR
 QR_TIME:   2.2908000275492668E-002   9.9700018763542175E-003   5.4839998483657837E-003   5.4109990596771240E-003   6.1089992523193359E-003   5.9970021247863770E-003
 QR_PERF:   18.549390382826040        42.620798398022586        77.485312135197773        78.530680806541426        69.557945982506340        70.856976729041378
 LQ_TIME:   2.2518999874591827E-002   9.5919966697692871E-003   5.6599974632263184E-003   5.3969994187355042E-003   5.8160051703453064E-003   5.7009980082511902E-003
 LQ_PERF:   18.869823809513306        44.300428224629556        75.075927641455365        78.734409072728667        73.062101486194379        74.535995168738765
m=1000:n=1000:k=130:nb=64
 Provide M,N,K for ORGQR
 QR_TIME:   2.5034999474883080E-002   1.0348001495003700E-002   6.1540007591247559E-003   7.0170015096664429E-003   6.9120004773139954E-003   7.1349963545799255E-003
 QR_PERF:   18.197414402067913        44.025144393336511        74.028632402182723        64.924064698064441        65.910333990172916        63.850384409456638
 LQ_TIME:   2.2654995322227478E-002   1.0350994765758514E-002   6.5959990024566650E-003   6.1099976301193237E-003   6.7700073122978210E-003   6.6709965467453003E-003
 LQ_PERF:   20.109136352503441        44.012425888480870        69.067989523698088        74.561794877668888        67.292747110102212        68.291504396336151
 Provide M,N,K for ORGQR
 QR_TIME:   2.3515000939369202E-002   1.0592000558972359E-002   6.1490014195442200E-003   6.3009969890117645E-003   6.8829990923404694E-003   7.0579983294010162E-003
 QR_PERF:   19.373686659619622        43.010973938638074        74.088820105325041        72.301615251438335        66.188045921285877        64.546949253622529
 LQ_TIME:   2.2774003446102142E-002   1.0597996413707733E-002   6.5609961748123169E-003   6.1599984765052795E-003   6.7669972777366638E-003   6.7580044269561768E-003
 LQ_PERF:   20.004053792218642        42.986652591309657        69.436466332497446        73.956575109164234        67.322679661602265        67.412265695302452
 Provide M,N,K for ORGQR
 QR_TIME:   2.3695999756455421E-002   1.1136999353766441E-002   6.5409988164901733E-003   6.2070004642009735E-003   6.8060010671615601E-003   6.9009996950626373E-003
 QR_PERF:   19.225703269847898        40.906194346319076        69.648729923552409        73.396524235421623        66.936848158620137        66.015400685489382
 LQ_TIME:   2.2981993854045868E-002   1.0898999869823456E-002   6.4890012145042419E-003   6.2140002846717834E-003   6.7500025033950806E-003   7.0899948477745056E-003
 LQ_PERF:   19.823014177675393        41.799467422819546        70.206858488745965        73.313866934279162        67.492180894875020        64.255672928027678
 Provide M,N,K for ORGQR
 QR_TIME:   2.4385999888181686E-002   1.0226001963019371E-002   6.5470002591609955E-003   6.1360001564025879E-003   6.8279989063739777E-003   7.7949985861778259E-003
 QR_PERF:   18.681713363772563        44.550378696141564        69.584884980343958        74.245803192269264        66.721196978329999        58.444174808168093
 LQ_TIME:   2.3054003715515137E-002   1.0541997849941254E-002   6.7190006375312805E-003   6.5339952707290649E-003   6.7249909043312073E-003   6.7559927701950073E-003
 LQ_PERF:   19.761096407449777        43.214995533559012        67.803593804597114        69.723403694653598        67.743197943448550        67.432338295242161
 Provide M,N,K for ORGQR
 QR_TIME:   2.3639999330043793E-002   1.0045999661087990E-002   6.3239969313144684E-003   6.1420015990734100E-003   6.8560019135475159E-003   6.9800019264221191E-003
 QR_PERF:   19.271246739039398        45.348623867130527        72.038659244780419        74.173256494874281        66.448677486478744        65.268214078204693
 LQ_TIME:   2.2350996732711792E-002   1.0646000504493713E-002   6.6139996051788330E-003   6.2890052795410156E-003   6.7690014839172363E-003   6.9169998168945312E-003
 LQ_PERF:   20.382643129880968        42.792820628526300        68.880014695386720        72.439498736316622        67.302746362578617        65.862715347668555
m=1000:n=1000:k=140:nb=64
 Provide M,N,K for ORGQR
 QR_TIME:   2.5260999798774719E-002   1.0871000587940216E-002   6.7970007658004761E-003   6.5710023045539856E-003   7.6860003173351288E-003   7.2669982910156250E-003
 QR_PERF:   19.220097536422529        44.661839181446844        71.431341076628655        73.888100703223714        63.169250579518312        66.811475736860899
 LQ_TIME:   2.5871001183986664E-002   1.0753005743026733E-002   6.7010000348091125E-003   6.4479932188987732E-003   7.9969987273216248E-003   7.1289986371994019E-003
 LQ_PERF:   18.766920404322079        45.151935338159426        72.454710860754489        75.297693951812164        60.712654403861741        68.104799104118527
 Provide M,N,K for ORGQR
 QR_TIME:   2.5561001151800156E-002   1.1793002486228943E-002   7.4720010161399841E-003   7.0380009710788727E-003   8.4030032157897949E-003   7.5120031833648682E-003
 QR_PERF:   18.994517355428659        41.170082052213210        64.978427994221249        68.985338591900415        57.779209115102816        64.632411375326456
 LQ_TIME:   2.7786999940872192E-002   1.1652000248432159E-002   7.9789906740188599E-003   6.4909905195236206E-003   8.1930011510848999E-003   7.1590095758438110E-003
 LQ_PERF:   17.472883759784551        41.668298116053442        60.849678842330775        74.798910665429943        59.260216256128388        67.819300261624988
 Provide M,N,K for ORGQR
 QR_TIME:   2.5010000914335251E-002   1.1348001658916473E-002   6.6880024969577789E-003   7.1629993617534637E-003   7.3260031640529633E-003   7.4729993939399719E-003
 QR_PERF:   19.412989294283069        42.784526702858990        72.595499212336051        67.781505411323622        66.273364770347229        64.969747005963697
 LQ_TIME:   2.6795998215675354E-002   1.0603003203868866E-002   7.1849972009658813E-003   6.4259916543960571E-003   7.4730068445205688E-003   7.4559897184371948E-003
 LQ_PERF:   18.119086890966312        45.790707657509891        67.574002664152957        75.555501175893014        64.969700965281064        65.117984108723633
 Provide M,N,K for ORGQR
 QR_TIME:   2.5795998051762581E-002   1.1247001588344574E-002   6.6589973866939545E-003   6.6450014710426331E-003   7.5970031321048737E-003   7.1920007467269897E-003
 QR_PERF:   18.821480720604473        43.168739346773989        72.911709046494977        73.065278031280812        63.909264160784815        67.508179865102903
 LQ_TIME:   2.6010997593402863E-002   1.0840997099876404E-002   6.8499967455863953E-003   6.6440030932426453E-003   7.2849988937377930E-003   7.4120014905929565E-003
 LQ_PERF:   18.665913072213023        44.785457972822009        70.878722725354677        73.076278440297884        66.646409571503654        65.504441764643886
 Provide M,N,K for ORGQR
 QR_TIME:   2.5670001283288002E-002   1.1088002473115921E-002   7.1789994835853577E-003   6.6369995474815369E-003   7.5840018689632416E-003   7.2320029139518738E-003
 QR_PERF:   18.913862708533966        43.787768011162861        67.630438072899921        73.153369459582692        64.018823885966697        67.134773834693036
 LQ_TIME:   2.7018003165721893E-002   1.0875999927520752E-002   6.9120004773139954E-003   6.4250081777572632E-003   7.4999928474426270E-003   7.1700066328048706E-003
 LQ_PERF:   17.970203683149485        44.641322474767328        70.242908922464764        75.567066463949160        64.735931070328149        67.715281849058400
m=1000:n=1000:k=150:nb=64
 Provide M,N,K for ORGQR
 QR_TIME:   2.7510000392794609E-002   1.2556999921798706E-002   7.4049979448318481E-003   7.1050003170967102E-003   7.9610012471675873E-003   7.8789964318275452E-003
 QR_PERF:   18.712369780075683        40.995245935006871        69.517547990580766        72.452818722793737        64.662381529352302        65.335389405754128
 LQ_TIME:   2.5870002806186676E-002   1.1711999773979187E-002   7.8979954123497009E-003   7.0400089025497437E-003   8.6819976568222046E-003   7.9379975795745850E-003
 LQ_PERF:   19.898623662958926        43.952993505318588        65.178241202200269        73.121704407725730        59.292511971077801        64.849786717570154
 Provide M,N,K for ORGQR
 QR_TIME:   2.6934001594781876E-002   1.2301001697778702E-002   7.6800025999546051E-003   7.1189999580383301E-003   7.9890005290508270E-003   7.7539980411529541E-003
 QR_PERF:   19.112544349879730        41.848404922418453        67.028271579366745        72.310338956912844        64.435757405208321        66.388629100486199
 LQ_TIME:   2.5908000767230988E-002   1.2024998664855957E-002   7.5550079345703125E-003   6.9710016250610352E-003   7.9979896545410156E-003   7.8869909048080444E-003
 LQ_PERF:   19.869439352923823        42.808940304041712        68.137248095329468        73.845550135773038        64.363355322387164        65.269182659534053
 Provide M,N,K for ORGQR
 QR_TIME:   2.8559999540448189E-002   1.1867001652717590E-002   7.5530000030994415E-003   7.1169994771480560E-003   7.9259984195232391E-003   7.7969953417778015E-003
 QR_PERF:   18.024415556132801        43.378885001007305        68.155342220145172        72.330664299315501        64.947943811344416        66.022522450632252
 LQ_TIME:   2.5570996105670929E-002   1.1982001364231110E-002   7.7739953994750977E-003   7.1630030870437622E-003   7.9640001058578491E-003   8.0599933862686157E-003
 LQ_PERF:   20.131302193809994        42.962559788778115        66.217874277975255        71.866149399141676        64.638051627015926        63.868222383035587
 Provide M,N,K for ORGQR
 QR_TIME:   2.8579000383615494E-002   1.2046001851558685E-002   7.2389990091323853E-003   8.0079995095729828E-003   9.2489980161190033E-003   8.2019940018653870E-003
 QR_PERF:   18.012431963684943        42.734286972850725        71.111668802631527        64.282883557200648        55.657628978063840        62.762457505202235
 LQ_TIME:   2.6073999702930450E-002   1.2595996260643005E-002   7.7809989452362061E-003   6.9849938154220581E-003   8.1509947776794434E-003   8.0090016126632690E-003
 LQ_PERF:   19.742941469089004        40.868339379272051        66.158272687488846        73.697624307616564        63.155168668449960        64.274859076825521
 Provide M,N,K for ORGQR
 QR_TIME:   2.7607999742031097E-002   1.2576997280120850E-002   7.7450014650821686E-003   7.2319991886615753E-003   8.0570019781589508E-003   9.1290026903152466E-003
 QR_PERF:   18.645947001234227        40.930063713510926        66.465745980919394        71.180497476696999        63.891916794294765        56.389215499532675
 LQ_TIME:   2.6560999453067780E-002   1.1874996125698090E-002   7.7980011701583862E-003   7.2730034589767456E-003   7.9939961433410645E-003   8.3250105381011963E-003
 LQ_PERF:   19.380951793986181        43.349694143141292        66.014025744182376        70.779211491317668        64.395508925633592        61.835050855973165
m=1000:n=1000:k=160:nb=64
 Provide M,N,K for ORGQR
 QR_TIME:   2.8076998889446259E-002   1.2082997709512711E-002   7.8869983553886414E-003   7.5990036129951477E-003   8.6730048060417175E-003   8.3879977464675903E-003
 QR_PERF:   19.352336128924360        44.968602416619404        68.892561595218623        71.503521734191722        62.649050951925233        64.777737956453493
 LQ_TIME:   2.9681004583835602E-002   1.2588992714881897E-002   8.2810074090957642E-003   7.3890089988708496E-003   8.5799992084503174E-003   8.4320008754730225E-003
 LQ_PERF:   18.306512451937486        43.161172010027450        65.614683474764718        73.535663589397828        63.328173674521651        64.439708679408625
 Provide M,N,K for ORGQR
 QR_TIME:   3.0512999743223190E-002   1.2233000248670578E-002   8.3380006253719330E-003   7.5859986245632172E-003   9.4769969582557678E-003   8.6820051074028015E-003
 QR_PERF:   17.807345215892024        44.417191936135964        65.166164457532957        71.626103152804760        57.334145235391532        62.584105086128353
 LQ_TIME:   2.9495999217033386E-002   1.2056998908519745E-002   8.5390061140060425E-003   7.3930025100708008E-003   8.8399946689605713E-003   8.3739906549453735E-003
 LQ_PERF:   18.421334907217595        45.065582581752807        63.632192405713916        73.495941501418002        61.465611728009009        64.886110146195819
 Provide M,N,K for ORGQR
 QR_TIME:   2.8734998777508736E-002   1.2148000299930573E-002   8.4789991378784180E-003   7.5990036129951477E-003   9.7759962081909180E-003   8.3680003881454468E-003
 QR_PERF:   18.909188902603731        44.727980456429968        64.082506810580512        71.503521734191722        55.580578022804886        64.932540009169486
 LQ_TIME:   3.0129000544548035E-002   1.2571007013320923E-002   8.3799958229064941E-003   7.4789971113204956E-003   9.0819895267486572E-003   9.3230009078979492E-003
 LQ_PERF:   18.034308147613693        43.222923941115518        64.839612272210417        72.650874430417431        59.827824993597055        58.281199944933832
 Provide M,N,K for ORGQR
 QR_TIME:   2.8355998918414116E-002   1.2768000364303589E-002   8.2390010356903076E-003   7.8939981758594513E-003   9.9130049347877502E-003   8.6460039019584656E-003
 QR_PERF:   19.161924838667915        42.556038886018349        65.949199137887319        68.831472708168278        54.812392768332046        62.844699836061935
 LQ_TIME:   3.0295997858047485E-002   1.3473004102706909E-002   8.4339976310729980E-003   7.3319971561431885E-003   9.0320110321044922E-003   8.3439946174621582E-003
 LQ_PERF:   17.934899604426437        40.329215062796017        64.424452527486977        74.107459185897795        60.158881346427684        65.119370866188632
 Provide M,N,K for ORGQR
 QR_TIME:   2.8997998684644699E-002   1.2331999838352203E-002   7.7500008046627045E-003   7.6129995286464691E-003   8.7330043315887451E-003   8.4949955344200134E-003
 QR_PERF:   18.737690345772823        44.060616860387739        70.110382398037430        71.372067994414323        62.218624813294973        63.961837036692096
 LQ_TIME:   2.9422998428344727E-002   1.2615002691745758E-002   8.9100003242492676E-003   7.3390007019042969E-003   8.5709989070892334E-003   8.3490014076232910E-003
 LQ_PERF:   18.467039697645390        43.072181059107358        60.982677915422151        74.036739069804426        63.394673816908359        65.080319606111672
m=1000:n=1000:k=170:nb=64
 Provide M,N,K for ORGQR
 QR_TIME:   3.1325999647378922E-002   1.4195997267961502E-002   8.6539983749389648E-003   8.7230019271373749E-003   9.2089995741844177E-003   9.1950073838233948E-003
 QR_PERF:   18.236019486382073        40.241029158920881        66.011283484211305        65.489099368738849        62.032964101922332        62.127360659330172
 LQ_TIME:   2.8455004096031189E-002   1.3620004057884216E-002   8.9270025491714478E-003   8.1620067358016968E-003   9.2649906873703003E-003   9.5909982919692993E-003
 LQ_PERF:   20.075966535519765        41.942844331923204        63.992555939509749        69.990350227748124        61.658098672319582        59.562278358273389
 Provide M,N,K for ORGQR
 QR_TIME:   3.0310999602079391E-002   1.4875002205371857E-002   8.3010010421276093E-003   8.6940005421638489E-003   9.2570036649703979E-003   9.0629979968070984E-003
 QR_PERF:   18.846674392117716        38.404131449049366        68.818391553120605        65.707557439123278        61.711279445823443        63.032292426993351
 LQ_TIME:   2.8548002243041992E-002   1.3166002929210663E-002   9.0039968490600586E-003   8.2270056009292603E-003   9.2689990997314453E-003   9.1449916362762451E-003
 LQ_PERF:   20.010566943935057        43.389152582715447        63.445347613558404        69.437379492664334        61.631434403370633        62.467165933091266
 Provide M,N,K for ORGQR
 QR_TIME:   3.0177999287843704E-002   1.4871001243591309E-002   8.4650032222270966E-003   8.2640014588832855E-003   9.2630013823509216E-003   9.0280026197433472E-003
 QR_PERF:   18.929735352936916        38.414463871165800        67.485094217094016        69.126505221744551        61.671321898800748        63.276625413323167
 LQ_TIME:   2.8584003448486328E-002   1.3040997087955475E-002   9.3140006065368652E-003   8.0049932003021240E-003   9.6110105514526367E-003   9.2079937458038330E-003
 LQ_PERF:   19.985363877719909        43.805063841906012        61.333656087489423        71.363172423236975        59.438256460311322        62.039758689055276
 Provide M,N,K for ORGQR
 QR_TIME:   3.1918000429868698E-002   1.4141000807285309E-002   8.2900002598762512E-003   8.3529949188232422E-003   9.2130005359649658E-003   9.3109980225563049E-003
 QR_PERF:   17.897785961097252        40.397532521580189        68.909713159469490        68.390026038765811        62.006024830884947        61.353416531299182
 LQ_TIME:   2.8609998524188995E-002   1.4012999832630157E-002   8.7749958038330078E-003   8.4569901227951050E-003   9.2370063066482544E-003   9.1650038957595825E-003
 LQ_PERF:   19.967205154415279        40.766553687510999        65.101080703704383        67.549057253858223        61.844897690373926        62.330765649135017
 Provide M,N,K for ORGQR
 QR_TIME:   3.0597997829318047E-002   1.4685999602079391E-002   8.4519982337951660E-003   8.1920027732849121E-003   9.1919973492622375E-003   8.9059993624687195E-003
 QR_PERF:   18.669899357030317        38.898376377397902        67.588932723130583        69.734051099561555        62.147705041043146        64.143451705979885
 LQ_TIME:   2.8726994991302490E-002   1.3133004307746887E-002   1.0547995567321777E-002   8.0740004777908325E-003   9.5129907131195068E-003   9.0299993753433228E-003
 LQ_PERF:   19.885884693924918        43.498174264895695        54.158319118923181        70.753242035515186        60.050695646340166        63.262652216770555
m=1000:n=1000:k=180:nb=64
 Provide M,N,K for ORGQR
 QR_TIME:   3.1451001763343811E-002   1.4857999980449677E-002   8.9460015296936035E-003   9.0520009398460388E-003   9.8199993371963501E-003   9.7030028700828552E-003
 QR_PERF:   19.029707368417007        40.281556117076150        66.901772597896979        66.118349299484237        60.947393115698027        61.682282074280096
 LQ_TIME:   3.3664003014564514E-002   1.3971000909805298E-002   1.0122999548912048E-002   8.6580067873001099E-003   1.0230004787445068E-002   9.6790045499801636E-003
 LQ_PERF:   17.778739496341576        42.838987976870790        59.123142020126153        69.127173806089814        58.504717488942205        61.835236971887426
 Provide M,N,K for ORGQR
 QR_TIME:   3.1870998442173004E-002   1.5696998685598373E-002   9.3510001897811890E-003   8.8620036840438843E-003   9.7729936242103577E-003   9.5749944448471069E-003
 QR_PERF:   18.778933489828670        38.128522017977410        64.004207876505760        67.535896095102117        61.240535194594287        62.506914593782497
 LQ_TIME:   3.2254993915557861E-002   1.2995004653930664E-002   9.4140022993087769E-003   8.5600018501281738E-003   9.7450017929077148E-003   9.5500051975250244E-003
 LQ_PERF:   18.555376000592517        46.056431370262544        63.575886320310879        69.918622738503061        61.416462789733202        62.670493640684924
 Provide M,N,K for ORGQR
 QR_TIME:   3.1984999775886536E-002   1.5404000878334045E-002   1.0170999914407730E-002   9.0370029211044312E-003   9.8880007863044739E-003   9.5410048961639404E-003
 QR_PERF:   18.712001381698030        38.853760443613311        58.844102353416602        66.228080838869047        60.528247613912633        62.729593634380635
 LQ_TIME:   3.2953999936580658E-002   1.3539999723434448E-002   9.6770077943801880E-003   8.8440030813217163E-003   1.0670006275177002E-002   9.7399950027465820E-003
 LQ_PERF:   18.161787374880397        44.202625718236604        61.847996066260698        67.673375336562529        56.092145080774245        61.448033580225449
 Provide M,N,K for ORGQR
 QR_TIME:   3.2669998705387115E-002   1.4938000589609146E-002   9.1499984264373779E-003   8.7550058960914612E-003   9.7839981317520142E-003   9.8930001258850098E-003
 QR_PERF:   18.319662801251042        40.065827846888567        65.410214527548490        68.361274350162660        61.171655180276119        60.497660202592890
 LQ_TIME:   3.2331995666027069E-002   1.3888999819755554E-002   9.0069919824600220E-003   9.2929899692535400E-003   9.6530020236968994E-003   9.5150023698806763E-003
 LQ_PERF:   18.511184591951409        43.091910703943952        66.448770151623307        64.403764771100342        62.001804053365937        62.901039509410609
 Provide M,N,K for ORGQR
 QR_TIME:   3.1945001333951950E-002   1.5100996941328049E-002   9.0610012412071228E-003   8.8320001959800720E-003   9.8740011453628540E-003   9.7489953041076660E-003
 QR_PERF:   18.735430740580234        39.633367407818639        66.052673878705519        67.765324583259371        60.614066292779022        61.391286110049215
 LQ_TIME:   3.3351995050907135E-002   1.4210999011993408E-002   9.0769976377487183E-003   8.6500048637390137E-003   1.0223001241683960E-002   9.7649991512298584E-003
 LQ_PERF:   17.945059630959658        42.115514855422298        65.936289055644309        69.191121788721574        58.544797740962899        61.290690427210237
m=1000:n=1000:k=190:nb=64
 Provide M,N,K for ORGQR
 QR_TIME:   3.2485000789165497E-002   1.6084998846054077E-002   9.6720010042190552E-003   9.4389989972114563E-003   1.0491997003555298E-002   1.0308004915714264E-002
 QR_PERF:   19.242387711699909        38.861611740391574        64.628713306308370        66.224075263136342        59.577693339807816        60.641121643924464
 LQ_TIME:   3.1813994050025940E-002   1.4564990997314453E-002   1.0268002748489380E-002   9.3339979648590088E-003   1.0454997420310974E-002   1.0211005806922913E-002
 LQ_PERF:   19.648245643633366        42.917236963294812        60.877386314681559        66.969070740465071        59.788553250681460        61.217198561986784
 Provide M,N,K for ORGQR
 QR_TIME:   3.5590998828411102E-002   1.5340998768806458E-002   9.4229988753795624E-003   9.9029988050460815E-003   1.0441996157169342E-002   1.0216005146503448E-002
 QR_PERF:   17.563119906064912        40.746302729064908        66.336522827486931        63.121180998374491        59.862977403110982        61.187222503890794
 LQ_TIME:   3.2376997172832489E-002   1.5086010098457336E-002   1.0318994522094727E-002   9.5389932394027710E-003   1.0460004210472107E-002   1.0462999343872070E-002
 LQ_PERF:   19.306582592054330        41.435022641534644        60.576557983588181        65.529889193960301        59.759934835799356        59.742827984224220
 Provide M,N,K for ORGQR
 QR_TIME:   3.3491000533103943E-002   1.6042999923229218E-002   9.4730034470558167E-003   9.4909965991973877E-003   1.0304994881153107E-002   1.0324999690055847E-002
 QR_PERF:   18.664386553102084        38.963347440706016        65.986356227314147        65.861258453391613        60.658834595175840        60.541307386384915
 LQ_TIME:   3.3122003078460693E-002   1.5369996428489685E-002   1.0148987174034119E-002   8.9830011129379272E-003   1.1212989687919617E-002   1.0327994823455811E-002
 LQ_PERF:   18.872323890534773        40.669441460724116        61.591285837790004        69.585783430406593        55.746878165191184        60.523768716495283
 Provide M,N,K for ORGQR
 QR_TIME:   3.3307000994682312E-002   1.5641998499631882E-002   9.5160044729709625E-003   9.4399973750114441E-003   1.0632000863552094E-002   1.0433994233608246E-002
 QR_PERF:   18.767495161146442        39.962219662321971        65.688176353372697        66.217071379137138        58.793164901151179        59.908886856249872
 LQ_TIME:   3.1710997223854065E-002   1.5676006674766541E-002   1.0234996676445007E-002   9.0920031070709229E-003   1.0419994592666626E-002   1.0243996977806091E-002
 LQ_PERF:   19.712062840136330        39.875536095949599        61.073705225385240        68.751535018049339        59.989394854381658        61.020046311442044
 Provide M,N,K for ORGQR
 QR_TIME:   3.2399002462625504E-002   1.5514999628067017E-002   9.6880011260509491E-003   9.4920024275779724E-003   1.0637998580932617E-002   1.0497003793716431E-002
 QR_PERF:   19.293463763925555        40.289332580401656        64.521976398117999        65.854279407248413        58.760017238618524        59.549276372957209
 LQ_TIME:   3.1452998518943787E-002   1.5128999948501587E-002   1.0408997535705566E-002   8.9209973812103271E-003   1.0392010211944580E-002   1.0171994566917419E-002
 LQ_PERF:   19.873754472837170        41.317282842737427        60.052773368019515        70.069426465316710        60.150938774244302        61.451976393399775
m=1000:n=1000:k=200:nb=64
 Provide M,N,K for ORGQR
 QR_TIME:   3.5871997475624084E-002   1.7797000706195831E-002   1.0610997676849365E-002   1.0254994034767151E-002   1.1413998901844025E-002   1.1279001832008362E-002
 QR_PERF:   18.148596281609038        36.580680685895139        61.353929180512630        63.483839950842267        57.037538342046041        57.720214048770742
 LQ_TIME:   3.6044009029865265E-002   1.5765994787216187E-002   1.0627999901771545E-002   1.0043993592262268E-002   1.1478006839752197E-002   1.1915996670722961E-002
 LQ_PERF:   18.061991923833272        41.293087355825030        61.255796576690088        64.817504513497553        56.719481795852914        54.634674546321541
 Provide M,N,K for ORGQR
 QR_TIME:   3.5863000899553299E-002   1.8656998872756958E-002   1.0463997721672058E-002   1.0146997869014740E-002   1.2132003903388977E-002   1.1669002473354340E-002
 QR_PERF:   18.153149030205920        34.894486752134178        62.215839234335334        64.159508891590391        53.661901626831906        55.791092810768575
 LQ_TIME:   3.5935997962951660E-002   1.6305997967720032E-002   1.1572003364562988E-002   1.0899007320404053E-002   1.1680006980895996E-002   1.1526986956596375E-002
 LQ_PERF:   18.116279967267864        39.925590650066120        56.258763456087685        59.732650952643354        55.738545453340002        56.478471126181581
 Provide M,N,K for ORGQR
 QR_TIME:   3.5178996622562408E-002   1.8252000212669373E-002   1.1090997606515884E-002   1.0259002447128296E-002   1.2131005525588989E-002   1.2421995401382446E-002
 QR_PERF:   18.506110534785908        35.668770130086841        58.698633170520793        63.459035452539105        53.666317983841751        52.409164467050694
 LQ_TIME:   3.7181004881858826E-002   1.5918999910354614E-002   1.1176005005836487E-002   1.0698005557060242E-002   1.2399002909660339E-002   1.2841001152992249E-002
 LQ_PERF:   17.509655859722223        40.896199740320093        58.252175053609221        60.854950628657072        52.506367225123455        50.699053153522676
 Provide M,N,K for ORGQR
 QR_TIME:   3.8344003260135651E-002   1.9312001764774323E-002   1.0664001107215881E-002   1.0803997516632080E-002   1.3172999024391174E-002   1.3198003172874451E-002
 QR_PERF:   16.978571475264808        33.710974549903568        61.048980908251949        60.257918330486980        49.421274441344529        49.327643846763081
 LQ_TIME:   3.6849997937679291E-002   1.6298010945320129E-002   1.1875003576278687E-002   1.0271996259689331E-002   1.2432008981704712E-002   1.1885002255439758E-002
 LQ_PERF:   17.666937216686311        39.945156631947050        54.823276120984090        63.378780866075765        52.366966671120394        54.777154097890516
 Provide M,N,K for ORGQR
 QR_TIME:   3.5611998289823532E-002   1.7208002507686615E-002   1.0664995759725571E-002   1.1014997959136963E-002   1.2310005724430084E-002   1.2312002480030060E-002
 QR_PERF:   18.281097137591320        37.832769939985425        61.043287279914686        59.103633283923791        52.885954285788159        52.877377263037275
 LQ_TIME:   4.0009006857872009E-002   1.7765998840332031E-002   1.1286005377769470E-002   1.0466992855072021E-002   1.2104988098144531E-002   1.2521997094154358E-002
 LQ_PERF:   16.272001009990245        36.644525638606474        57.684413413656088        62.198055259446377        53.781680305806347        51.990636565785394
m=1000:n=1000:k=210:nb=64
 Provide M,N,K for ORGQR
 QR_TIME:   3.6954998970031738E-002   1.7717003822326660E-002   1.1740997433662415E-002   1.0938994586467743E-002   1.1830002069473267E-002   1.1858001351356506E-002
 QR_PERF:   18.301275574339954        38.173701760322970        57.603591502449703        61.826853889904733        57.170203016719626        57.035211918122386
 LQ_TIME:   3.3680997788906097E-002   1.6729012131690979E-002   1.2638002634048462E-002   1.0225996375083923E-002   1.2689009308815002E-002   1.2629002332687378E-002
 LQ_PERF:   20.080278922816493        40.428198908337855        53.515088545550192        66.137695065870730        53.299971143543935        53.553227102467581
 Provide M,N,K for ORGQR
 QR_TIME:   3.7004999816417694E-002   1.9329003989696503E-002   1.1065997183322906E-002   1.1247001588344574E-002   1.2069001793861389E-002   1.1775001883506775E-002
 QR_PERF:   18.276547043784642        34.990091592951210        61.117277439692337        60.133682269671205        56.038074362040106        57.437240918604466
 LQ_TIME:   3.4542009234428406E-002   1.6692996025085449E-002   1.2051999568939209E-002   1.0458007454872131E-002   1.2005001306533813E-002   1.1803001165390015E-002
 LQ_PERF:   19.579747819819946        40.515425091077262        56.117146879347970        64.670429134654825        56.336839349772134        57.301005102260511
 Provide M,N,K for ORGQR
 QR_TIME:   3.6154001951217651E-002   1.7870001494884491E-002   1.1403996497392654E-002   1.0869994759559631E-002   1.2233003973960876E-002   1.1667996644973755E-002
 QR_PERF:   18.706742919153427        37.846869805444953        59.305842487292139        62.219314264637184        55.286798029300058        57.963988213121503
 LQ_TIME:   3.4162998199462891E-002   1.6315013170242310E-002   1.3750001788139343E-002   1.0217994451522827E-002   1.1945009231567383E-002   1.1715993285179138E-002
 LQ_PERF:   19.796969400965317        41.454078090085616        49.187181239742984        66.189488867769427        56.619782947731984        57.726546400086896
 Provide M,N,K for ORGQR
 QR_TIME:   3.6986999213695526E-002   1.8356002867221832E-002   1.0811999440193176E-002   1.0794997215270996E-002   1.2419998645782471E-002   1.1954002082347870E-002
 QR_PERF:   18.285441760021754        36.844819914890387        62.553057252832808        62.651578922433437        54.454403683019969        56.577171004404256
 LQ_TIME:   3.5521000623703003E-002   1.8737003207206726E-002   1.2790009379386902E-002   1.0425001382827759E-002   1.2395992875099182E-002   1.2005999684333801E-002
 LQ_PERF:   19.040111993598856        36.095624392051590        52.879072246029899        64.875178924585299        54.559875664222552        56.332154571227477
 Provide M,N,K for ORGQR
 QR_TIME:   3.6639999598264694E-002   1.7606999725103378E-002   1.0777998715639114E-002   1.1120997369289398E-002   1.2097999453544617E-002   1.1655002832412720E-002
 QR_PERF:   18.458614285356905        38.412201428942147        62.750389737812782        60.815014835599705        55.903756864680844        58.028610522438903
 LQ_TIME:   3.4025996923446655E-002   1.7110005021095276E-002   1.1880993843078613E-002   1.0315001010894775E-002   1.2093991041183472E-002   1.2520000338554382E-002
 LQ_PERF:   19.876679337908197        39.527973788794711        56.924853167397181        65.567015387168851        55.922302877265693        54.019473778871436
m=1000:n=1000:k=220:nb=64
 Provide M,N,K for ORGQR
 QR_TIME:   3.6958001554012299E-002   1.8503997474908829E-002   1.1656001210212708E-002   1.1339999735355377E-002   1.3222001492977142E-002   1.2556999921798706E-002
 QR_PERF:   18.967168421580904        37.883092069728782        60.139719219127279        61.815578162183456        53.016832615873604        55.824531684761538
 LQ_TIME:   3.8445003330707550E-002   1.6260012984275818E-002   1.2007996439933777E-002   1.1175006628036499E-002   1.2791991233825684E-002   1.2552991509437561E-002
 LQ_PERF:   18.233549207162959        43.111211576392257        58.376837760277176        62.728272414740125        54.799041618038714        55.842375060397686
 Provide M,N,K for ORGQR
 QR_TIME:   3.6598000675439835E-002   2.0337998867034912E-002   1.1531002819538116E-002   1.1517003178596497E-002   1.3189002871513367E-002   1.2533999979496002E-002
 QR_PERF:   19.153741381026290        34.466942622177335        60.791645875955020        60.865541940870159        53.149479670980263        55.926969933518947
 LQ_TIME:   3.8250997662544250E-002   1.6124993562698364E-002   1.2234002351760864E-002   1.0900005698204041E-002   1.2652993202209473E-002   1.2625992298126221E-002
 LQ_PERF:   18.326028151846483        43.472194718984817        57.298408145156621        64.310870967296808        55.401030317284366        55.519506383987839
 Provide M,N,K for ORGQR
 QR_TIME:   3.6532998085021973E-002   1.8556997179985046E-002   1.1601001024246216E-002   1.2924998998641968E-002   1.3663001358509064E-002   1.2779004871845245E-002
 QR_PERF:   19.187821332610415        37.774896078340888        60.424840799076414        54.235102074178343        51.305611527546056        54.854712634504189
 LQ_TIME:   3.8957998156547546E-002   1.7549991607666016E-002   1.2313008308410645E-002   1.0765001177787781E-002   1.3501003384590149E-002   1.2777000665664673E-002
 LQ_PERF:   17.993451747268153        39.942404285469912        56.930755055299983        65.117397427359492        51.921241705642309        54.863334388308402
 Provide M,N,K for ORGQR
 QR_TIME:   3.6812998354434967E-002   1.9138000905513763E-002   1.1925004422664642E-002   1.1466003954410553E-002   1.3134002685546875E-002   1.2627996504306793E-002
 QR_PERF:   19.041878448772156        36.628101517021108        58.783092664326581        61.136263582950818        53.372049388370606        55.510677387416678
 LQ_TIME:   3.7860006093978882E-002   1.6195997595787048E-002   1.2353003025054932E-002   1.1385008692741394E-002   1.2717992067337036E-002   1.2523993849754333E-002
 LQ_PERF:   18.515286507349050        43.281610524710338        56.746433120612210        61.571218689268214        55.117887815035957        55.971670731357825
 Provide M,N,K for ORGQR
 QR_TIME:   3.7182003259658813E-002   1.8666002899408340E-002   1.1641994118690491E-002   1.1613994836807251E-002   1.2847997248172760E-002   1.2469001114368439E-002
 QR_PERF:   18.852901364799472        37.554298248942168        60.212076458156488        60.357237096267340        54.560148672174918        56.218508088208267
 LQ_TIME:   3.8274995982646942E-002   1.6568005084991455E-002   1.2003004550933838E-002   1.0796993970870972E-002   1.2772992253303528E-002   1.3096004724502563E-002
 LQ_PERF:   18.314537781213961        42.309792663874084        58.401115906055608        64.924446738711353        54.880551565252894        53.526924794739358
m=1000:n=1000:k=230:nb=64
 Provide M,N,K for ORGQR
 QR_TIME:   3.8793999701738358E-002   1.9627999514341354E-002   1.2232996523380280E-002   1.2207999825477600E-002   1.3419002294540405E-002   1.3227000832557678E-002
 QR_PERF:   18.689216517355170        36.938530565494027        59.268345136393158        59.389701045612149        54.030057085166625        54.814350522710484
 LQ_TIME:   3.6757998168468475E-002   1.7715007066726685E-002   1.3366997241973877E-002   1.1479005217552185E-002   1.3584002852439880E-002   1.3246998190879822E-002
 LQ_PERF:   19.724406282329614        40.927428776576171        54.240281259528139        63.161369496668577        53.373788115023423        54.731621424932491
 Provide M,N,K for ORGQR
 QR_TIME:   3.9263002574443817E-002   1.9362997263669968E-002   1.2946993112564087E-002   1.3392999768257141E-002   1.5349999070167542E-002   1.3312995433807373E-002
 QR_PERF:   18.465970823941003        37.444071810119205        55.999833605875111        54.134956510519643        47.233192437716966        54.460280077828386
 LQ_TIME:   3.7420004606246948E-002   1.9235998392105103E-002   1.3596013188362122E-002   1.1885002255439758E-002   1.3850986957550049E-002   1.3230994343757629E-002
 LQ_PERF:   19.375456994972218        37.691294999149555        53.326639210721638        61.003748625134200        52.344983951110635        54.797823289983363
 Provide M,N,K for ORGQR
 QR_TIME:   3.7918999791145325E-002   2.0459000021219254E-002   1.2538000941276550E-002   1.2309998273849487E-002   1.3706006109714508E-002   1.3489000499248505E-002
 QR_PERF:   19.120479548337286        35.438167029083949        57.826559704036960        58.897608583764196        52.898667503592854        53.749679973723232
 LQ_TIME:   3.7803992629051208E-002   1.8568009138107300E-002   1.3522997498512268E-002   1.1690005660057068E-002   1.4156997203826904E-002   1.3664007186889648E-002
 LQ_PERF:   19.178653882257848        39.047249740523597        53.614569556769062        62.021329251987765        51.213522158781721        53.061278443680273
 Provide M,N,K for ORGQR
 QR_TIME:   3.8454998284578323E-002   1.8930003046989441E-002   1.2335002422332764E-002   1.2085996568202972E-002   1.5085995197296143E-002   1.3379998505115509E-002
 QR_PERF:   18.853971976141263        38.300546397181172        58.778217885658457        59.989216107133338        48.059770039562707        54.187559118396244
 LQ_TIME:   3.6455996334552765E-002   1.7591997981071472E-002   1.3204991817474365E-002   1.1500999331474304E-002   1.5022009611129761E-002   1.3556003570556641E-002
 LQ_PERF:   19.887803458900983        41.213606935386927        54.905728077813514        63.040581874989030        48.264493817313749        53.484029140767525
 Provide M,N,K for ORGQR
 QR_TIME:   3.8412999361753464E-002   1.9076999276876450E-002   1.2187004089355469E-002   1.2533001601696014E-002   1.3682000339031219E-002   1.3453997671604156E-002
 QR_PERF:   18.874586000745559        38.005424725198807        59.492017454336022        57.849626373771962        52.991480926343634        53.889518765878663
 LQ_TIME:   3.7217006087303162E-002   1.7629995942115784E-002   1.3205006718635559E-002   1.1482998728752136E-002   1.3516008853912354E-002   1.3265997171401978E-002
 LQ_PERF:   19.481139570959442        41.124779176380734        54.905666119563740        63.139403489143241        53.642291732454169        54.653237192223628
m=1000:n=1000:k=240:nb=64
 Provide M,N,K for ORGQR
 QR_TIME:   3.9623998105525970E-002   2.0789001137018204E-002   1.2859001755714417E-002   1.2782998383045197E-002   1.4347001910209656E-002   1.4182999730110168E-002
 QR_PERF:   18.888908635790099        36.002406997191201        58.204679820297422        58.550745104741338        52.167977998761046        52.771211608433575
 LQ_TIME:   4.0110990405082703E-002   1.8986999988555908E-002   1.3977989554405212E-002   1.2130990624427795E-002   1.4371007680892944E-002   1.4201998710632324E-002
 LQ_PERF:   18.659582135502664        39.419303757893196        53.545205273395126        61.697708222843815        52.080851713350050        52.700632865124106
 Provide M,N,K for ORGQR
 QR_TIME:   4.1354998946189880E-002   2.0073998719453812E-002   1.2823000550270081E-002   1.2615002691745758E-002   1.4660000801086426E-002   1.4789998531341553E-002
 QR_PERF:   18.098273463236460        37.284752801875463        58.368092324868215        59.330473269714645        51.054163649468109        50.605419494393296
 LQ_TIME:   4.1567996144294739E-002   1.8120989203453064E-002   1.4097005128860474E-002   1.1915996670722961E-002   1.4407008886337280E-002   1.3939991593360901E-002
 LQ_PERF:   18.005542470748289        41.303171234017263        53.093143767657907        62.810886968348754        51.950708568645915        53.691160069024782
 Provide M,N,K for ORGQR
 QR_TIME:   4.1037000715732574E-002   2.0095996558666229E-002   1.2817993760108948E-002   1.2589000165462494E-002   1.4499001204967499E-002   1.5082992613315582E-002
 QR_PERF:   18.238518092114397        37.243939498846871        58.390891274208144        59.453020109838356        51.621078543229061        49.622385901008066
 LQ_TIME:   4.0445998311042786E-002   1.8378004431724548E-002   1.4190003275871277E-002   1.1942997574806213E-002   1.4939993619918823E-002   1.4147996902465820E-002
 LQ_PERF:   18.505027722251892        40.725548999650925        52.745183031259330        62.668883193852977        50.097365436764271        52.901787098183043
 Provide M,N,K for ORGQR
 QR_TIME:   3.9705000817775726E-002   2.0853001624345779E-002   1.2887001037597656E-002   1.2674003839492798E-002   1.5160001814365387E-002   1.4311000704765320E-002
 QR_PERF:   18.850373116348631        35.891911077500872        58.078219891221785        59.054272783773470        49.370315991042716        52.299213412153456
 LQ_TIME:   4.1179001331329346E-002   1.9345000386238098E-002   1.4525994658470154E-002   1.2219995260238647E-002   1.4475002884864807E-002   1.4329999685287476E-002
 LQ_PERF:   18.175630680741385        38.689806412846870        51.525168334243737        61.248331448647654        51.706678468616438        52.229890888862585
 Provide M,N,K for ORGQR
 QR_TIME:   4.0196001529693604E-002   2.3900002241134644E-002   1.3232000172138214E-002   1.3682998716831207E-002   1.4725998044013977E-002   1.4270000159740448E-002
 QR_PERF:   18.620112735519271        31.316067356337932        56.563941223033872        54.699565167636848        50.825355114334116        52.449479440903758
 LQ_TIME:   4.1167005896568298E-002   1.8847003579139709E-002   1.3524994254112244E-002   1.1940002441406250E-002   1.4550998806953430E-002   1.3852000236511230E-002
 LQ_PERF:   18.180926781036352        39.712112159219103        55.338605395150843        62.684603598108623        51.436628504315387        54.032219695406674
m=1000:n=1000:k=250:nb=64
 Provide M,N,K for ORGQR
 QR_TIME:   4.2566001415252686E-002   2.1714001893997192E-002   1.3957999646663666E-002   1.3953000307083130E-002   1.5833996236324310E-002   1.5271998941898346E-002
 QR_PERF:   18.119402207312582        35.519500447921430        55.256520957453546        55.276319288007947        48.709781693054261        50.502262535131450
 LQ_TIME:   3.9149001240730286E-002   1.9187986850738525E-002   1.5092000365257263E-002   1.2900993227958679E-002   1.5568003058433533E-002   1.5438988804817200E-002
 LQ_PERF:   19.700904890456734        40.195501278984594        51.104607164966275        59.783827211731506        49.542047692634895        49.956040499190706
 Provide M,N,K for ORGQR
 QR_TIME:   4.3076001107692719E-002   2.1933998912572861E-002   1.3873994350433350E-002   1.3616994023323059E-002   1.5951000154018402E-002   1.5399001538753510E-002
 QR_PERF:   17.904876965523684        35.163241462453868        55.591092263628433        56.640290704319554        48.352485270693215        50.085747316733588
 LQ_TIME:   3.9173007011413574E-002   1.9241005182266235E-002   1.6467988491058350E-002   1.4635995030403137E-002   1.5724003314971924E-002   1.5628010034561157E-002
 LQ_PERF:   19.688831898334485        40.084743114712815        46.834545118778664        52.696844211674751        49.050533413817021        49.351820756087562
 Provide M,N,K for ORGQR
 QR_TIME:   4.2782999575138092E-002   2.0989000797271729E-002   1.3925001025199890E-002   1.3779006898403168E-002   1.5523001551628113E-002   1.5638001263141632E-002
 QR_PERF:   18.027499419376802        36.746413392878338        55.387464503897846        55.974316994454917        49.685655021989362        49.320273545306890
 LQ_TIME:   3.8903996348381042E-002   1.9278988242149353E-002   1.4965996146202087E-002   1.2927994132041931E-002   1.5590012073516846E-002   1.5286982059478760E-002
 LQ_PERF:   19.824974871305113        40.005768991226560        51.534875625083259        59.658965043031039        49.472107292987765        50.452780476822120
 Provide M,N,K for ORGQR
 QR_TIME:   4.0640000253915787E-002   2.2463999688625336E-002   1.4316000044345856E-002   1.4005005359649658E-002   1.5845999121665955E-002   1.5575006604194641E-002
 QR_PERF:   18.978112578276516        34.333623161085306        53.874720425459586        55.071060681071650        48.672885444342569        49.519754283268320
 LQ_TIME:   3.8769990205764771E-002   1.9253000617027283E-002   1.5410989522933960E-002   1.3361990451812744E-002   1.6378998756408691E-002   1.5521004796028137E-002
 LQ_PERF:   19.893498706257567        40.059768622138357        50.046802565937028        57.721246904151627        47.089004735299895        49.692063119352305
 Provide M,N,K for ORGQR
 QR_TIME:   4.0536999702453613E-002   2.0764999091625214E-002   1.3909995555877686E-002   1.3770997524261475E-002   1.6228005290031433E-002   1.5489004552364349E-002
 QR_PERF:   19.026334106155289        37.142814049583230        55.447213976578070        56.006872315617713        47.527128948730216        49.794710653775866
 LQ_TIME:   3.8890004158020020E-002   1.9189000129699707E-002   1.4758005738258362E-002   1.2905001640319824E-002   1.5647009015083313E-002   1.5397995710372925E-002
 LQ_PERF:   19.832107676464368        40.193378747560089        52.261176996331763        59.765257804406261        49.291896569914087        50.089035255441082
m=1000:n=1000:k=260:nb=64
 Provide M,N,K for ORGQR
 QR_TIME:   4.3797999620437622E-002   2.2841002792119980E-002   1.4770999550819397E-002   1.5015006065368652E-002   1.7297998070716858E-002   1.7043009400367737E-002
 QR_PERF:   18.116962575380551        34.739574580926394        53.719229851034868        52.846247050817830        45.871592582916534        46.557899568070354
 LQ_TIME:   4.3448999524116516E-002   1.9584000110626221E-002   1.5873000025749207E-002   1.3838008046150208E-002   1.7336994409561157E-002   1.7848014831542969E-002
 LQ_PERF:   18.262491396598726        40.517104550538491        49.989729648636306        57.341127231151702        45.768427978635145        44.457996448863476
 Provide M,N,K for ORGQR
 QR_TIME:   4.1953999549150467E-002   2.2121001034975052E-002   1.4732003211975098E-002   1.4813996851444244E-002   1.7408996820449829E-002   1.6979008913040161E-002
 QR_PERF:   18.913255673524159        35.870289899875452        53.861427301007112        53.563310965780410        45.579117980417735        46.733394396806574
 LQ_TIME:   4.5773997902870178E-002   1.9845992326736450E-002   1.5273004770278931E-002   1.4071002602577209E-002   1.6986995935440063E-002   1.6781002283096313E-002
 LQ_PERF:   17.334884789476643        39.982227491392159        51.953560673543123        56.391644747096194        46.711436384378224        47.284838331694175
 Provide M,N,K for ORGQR
 QR_TIME:   4.2585000395774841E-002   2.2009000182151794E-002   1.4812000095844269E-002   1.4760002493858337E-002   1.7314992845058441E-002   1.6890004277229309E-002
 QR_PERF:   18.633009572044703        36.052828998723818        53.570531654440423        53.759253789433380        45.826569326388991        46.979663650515434
 LQ_TIME:   4.4133991003036499E-002   1.9747003912925720E-002   1.5953004360198975E-002   1.3924002647399902E-002   1.7442986369132996E-002   1.6894996166229248E-002
 LQ_PERF:   17.979044314061845        40.182651682193182        49.739031099349816        56.986988590394425        45.490317036774726        46.965798168458321
 Provide M,N,K for ORGQR
 QR_TIME:   4.4268000870943069E-002   2.2484999150037766E-002   1.5119999647140503E-002   1.4668002724647522E-002   1.7602995038032532E-002   1.6913995146751404E-002
 QR_PERF:   17.924611556625187        35.289604180334926        52.479281648003500        54.096439365030719        45.076801889997419        46.913027532256415
 LQ_TIME:   4.3678000569343567E-002   1.9548013806343079E-002   1.5883997082710266E-002   1.4061003923416138E-002   1.7057001590728760E-002   1.6743987798690796E-002
 LQ_PERF:   18.166742288037046        40.591693246222476        49.955119978189288        56.431744441702804        46.519722459971838        47.389366830644867
 Provide M,N,K for ORGQR
 QR_TIME:   4.2798999696969986E-002   2.2123999893665314E-002   1.4791004359722137E-002   1.5077002346515656E-002   1.7806999385356903E-002   1.7042994499206543E-002
 QR_PERF:   18.539842650952796        35.865427762327741        53.646574681619953        52.628944518495572        44.560383410385356        46.557940274928903
 LQ_TIME:   4.5328006148338318E-002   1.9909992814064026E-002   1.5958011150360107E-002   1.4953002333641052E-002   1.7672985792160034E-002   1.7008006572723389E-002
 LQ_PERF:   17.505446354804832        39.853704991771593        49.723425590042545        53.065395316285361        44.898297850270502        46.653731970715235
m=1000:n=1000:k=270:nb=64
 Provide M,N,K for ORGQR
 QR_TIME:   4.4449999928474426E-002   2.2842004895210266E-002   1.5583999454975128E-002   1.6300998628139496E-002   2.0612001419067383E-002   1.8592998385429382E-002
 QR_PERF:   18.337699467077940        35.684728365106004        52.304335761496660        50.003730359986669        39.545443619364974        43.839660667037485
 LQ_TIME:   4.2871996760368347E-002   2.1106004714965820E-002   1.7674997448921204E-002   1.4848992228507996E-002   1.8063008785247803E-002   1.7536997795104980E-002
 LQ_PERF:   19.012667279204113        38.619862973025022        46.116612596724899        54.893355552782936        45.125982038258620        46.479506898696087
 Provide M,N,K for ORGQR
 QR_TIME:   4.5588001608848572E-002   2.3380003869533539E-002   1.5747003257274628E-002   1.5548996627330780E-002   1.7994992434978485E-002   1.7836004495620728E-002
 QR_PERF:   17.879940142885932        34.863584477938005        51.762911754237692        52.422079670868513        45.296531407014982        45.700299088853342
 LQ_TIME:   4.3026998639106750E-002   2.0362988114356995E-002   1.7187014222145081E-002   1.4312997460365295E-002   1.8116012215614319E-002   1.7639994621276855E-002
 LQ_PERF:   18.944175419643489        40.029047083974042        47.425981003131298        56.949008218380328        44.993953431840261        46.208121232465487
 Provide M,N,K for ORGQR
 QR_TIME:   4.5581001788377762E-002   2.3083996027708054E-002   1.5474997460842133E-002   1.5698999166488647E-002   1.8134005367755890E-002   1.7492994666099548E-002
 QR_PERF:   17.882685944121501        35.310642880964409        52.672754361514613        51.921191367405726        44.949294073186387        46.596409337484069
 LQ_TIME:   4.2067006230354309E-002   2.0669996738433838E-002   1.6956999897956848E-002   1.4520004391670227E-002   1.8028989434242249E-002   1.8495023250579834E-002
 LQ_PERF:   19.376492007454527        39.434501142633508        48.069293796375668        56.137104921787028        45.211131382209878        44.071910532712934
 Provide M,N,K for ORGQR
 QR_TIME:   4.4541999697685242E-002   2.3669999092817307E-002   1.5671998262405396E-002   1.5530005097389221E-002   1.8068000674247742E-002   1.7489001154899597E-002
 QR_PERF:   18.299823661539822        34.436449989022030        52.010645123367553        52.486186249676749        45.113499534111405        46.607049355225428
 LQ_TIME:   4.3201997876167297E-002   2.0860999822616577E-002   1.6990005970001221E-002   1.4395996928215027E-002   1.7632007598876953E-002   1.7396986484527588E-002
 LQ_PERF:   18.867437851749493        39.073439285316162        47.975910746542333        56.620671292478967        46.229052785340073        46.853574940978305
 Provide M,N,K for ORGQR
 QR_TIME:   4.4972002506256104E-002   2.3043997585773468E-002   1.5487998723983765E-002   1.5317998826503754E-002   1.7801992595195770E-002   1.7503991723060608E-002
 QR_PERF:   18.124848674163644        35.371933058317104        52.628538685102647        53.212612772215785        45.787612574334752        46.567134679693297
 LQ_TIME:   4.3019011616706848E-002   2.1364003419876099E-002   1.8092989921569824E-002   1.4472991228103638E-002   2.0317003130912781E-002   2.0564019680023193E-002
 LQ_PERF:   18.947692644882704        38.153476854513968        45.051205662158324        56.319457198123523        40.119647801785796        39.637727578710461
m=1000:n=1000:k=280:nb=64
 Provide M,N,K for ORGQR
 QR_TIME:   4.5383997261524200E-002   2.3447003215551376E-002   1.6073003411293030E-002   1.5827000141143799E-002   1.8458999693393707E-002   1.8048003315925598E-002
 QR_PERF:   18.423907334157949        35.661297621412778        52.022048313167993        52.830640838016215        45.297717855169040        46.329255672408863
 LQ_TIME:   4.5396000146865845E-002   2.1183997392654419E-002   1.7492994666099548E-002   1.4761000871658325E-002   1.8266975879669189E-002   1.8485009670257568E-002
 LQ_PERF:   18.419042146772224        39.470871549952911        47.799182241815572        56.645944761472165        45.773906174071243        45.233995270522847
 Provide M,N,K for ORGQR
 QR_TIME:   4.6052999794483185E-002   2.3721996694803238E-002   1.7567999660968781E-002   1.5937000513076782E-002   1.8508002161979675E-002   1.8766000866889954E-002
 QR_PERF:   18.156266990889154        35.247899692321219        47.595091993182038        52.465993165647049        45.177785948051927        44.556672779189384
 LQ_TIME:   5.1830008625984192E-002   2.0938992500305176E-002   1.7667993903160095E-002   1.5289992094039917E-002   1.8592000007629395E-002   1.8368989229202271E-002
 LQ_PERF:   16.132562238872723        39.932715959844465        47.325737408730156        54.686152540650035        44.973689740580788        45.519697875957242
 Provide M,N,K for ORGQR
 QR_TIME:   4.6730998903512955E-002   2.3612000048160553E-002   1.6323998570442200E-002   1.6627997159957886E-002   2.0027004182338715E-002   1.8586009740829468E-002
 QR_PERF:   17.892845854342379        35.412102248625004        51.222165720720810        50.285705004421452        41.751155209593406        44.988169685672602
 LQ_TIME:   4.5567989349365234E-002   2.2104993462562561E-002   1.7783999443054199E-002   1.5292018651962280E-002   1.8763989210128784E-002   1.8604010343551636E-002
 LQ_PERF:   18.349522371709554        37.826332833625173        47.017030262367157        54.678905318540444        44.561464549800881        44.944655725254393
 Provide M,N,K for ORGQR
 QR_TIME:   4.6857997775077820E-002   2.4961996823549271E-002   1.6364000737667084E-002   1.5913002192974091E-002   1.9407995045185089E-002   1.8226012587547302E-002
 QR_PERF:   17.844351011615782        33.496942007907457        51.096951986522882        52.545116871106650        43.082789234709736        45.876768491386294
 LQ_TIME:   4.7111004590988159E-002   2.2171005606651306E-002   1.7183989286422729E-002   1.4949008822441101E-002   1.8840998411178589E-002   1.8154025077819824E-002
 LQ_PERF:   17.748524941451723        37.713708382679521        48.658715159968850        55.933530438806748        44.379327557498321        46.058702486953713
 Provide M,N,K for ORGQR
 QR_TIME:   4.7283999621868134E-002   2.3719001561403275E-002   1.6331002116203308E-002   1.7934001982212067E-002   2.1785996854305267E-002   1.9510999321937561E-002
 QR_PERF:   17.683583594592811        35.252350645341892        51.200199109054516        46.623757532163779        38.380183637764688        42.855342578986118
 LQ_TIME:   4.5938998460769653E-002   2.2029995918273926E-002   1.9570007920265198E-002   1.6227006912231445E-002   1.8701016902923584E-002   1.8694996833801270E-002
 LQ_PERF:   18.201329328371067        37.955106442230942        42.726137025940922        51.528346818521030        44.711517258148788        44.725915036701544
m=1000:n=1000:k=290:nb=64
 Provide M,N,K for ORGQR
 QR_TIME:   4.6102996915578842E-002   2.4787001311779022E-002   1.6777999699115753E-002   1.6787998378276825E-002   1.9438005983829498E-002   1.9139990210533142E-002
 QR_PERF:   18.580444598180520        34.559008135967161        51.055798984496697        51.025390919052832        44.069035718613236        44.755204708965159
 LQ_TIME:   4.3779999017715454E-002   2.2499993443489075E-002   1.8842995166778564E-002   1.5648007392883301E-002   1.9602984189987183E-002   1.9343018531799316E-002
 LQ_PERF:   19.566342832793882        38.071765316353122        45.460632050167241        54.742718896566181        43.698166651460227        44.285459820645507
 Provide M,N,K for ORGQR
 QR_TIME:   4.7710001468658447E-002   2.4785999208688736E-002   1.6947001218795776E-002   1.6895994544029236E-002   1.9917003810405731E-002   1.9567996263504028E-002
 QR_PERF:   17.954603932735679        34.560405363835955        50.546652410099341        50.699245774952814        43.009188939977903        43.776284933049482
 LQ_TIME:   4.4388994574546814E-002   2.2317007184028625E-002   1.8592014908790588E-002   1.5646994113922119E-002   1.9194006919860840E-002   1.9130021333694458E-002
 LQ_PERF:   19.297902063571250        38.383931274308331        46.074321379496077        54.746263963748540        44.629267540464689        44.778542326621000
 Provide M,N,K for ORGQR
 QR_TIME:   4.6575997024774551E-002   2.4631999433040619E-002   1.6860999166965485E-002   1.6690999269485474E-002   1.9875995814800262E-002   1.9334986805915833E-002
 QR_PERF:   18.391751861894715        34.776477741021857        50.804473182010540        51.321923041843526        43.097925154629955        44.303840938640100
 LQ_TIME:   4.4279009103775024E-002   2.3073002696037292E-002   1.8473997712135315E-002   1.5579000115394592E-002   1.9208997488021851E-002   1.9730001688003540E-002
 LQ_PERF:   19.345836488625689        37.126267494742699        46.368657360897132        54.985202108929009        44.594439170194015        43.416847273806795
 Provide M,N,K for ORGQR
 QR_TIME:   4.6233002096414566E-002   2.5065995752811432E-002   1.6874000430107117E-002   1.7087996006011963E-002   1.9782997667789459E-002   1.9284993410110474E-002
 QR_PERF:   18.528197200208023        34.174352714630182        50.765328799660473        50.129586857266517        43.300524742755911        44.418691870068571
 LQ_TIME:   4.3350994586944580E-002   2.3796990513801575E-002   1.8580004572868347E-002   1.5672013163566589E-002   1.9416987895965576E-002   1.9286006689071655E-002
 LQ_PERF:   19.759972710244917        35.996756375693309        46.104104368783666        54.658866162224065        44.116753565983615        44.416373166841090
 Provide M,N,K for ORGQR
 QR_TIME:   4.8204999417066574E-002   2.6587001979351044E-002   1.8641002476215363E-002   1.9983999431133270E-002   2.1963000297546387E-002   1.8934011459350586E-002
 QR_PERF:   17.770235252751046        32.219284470858902        45.953224945545756        42.865002221000481        39.002602941078926        45.242086276279295
 LQ_TIME:   4.4807001948356628E-002   2.2724002599716187E-002   1.8873006105422974E-002   1.6057997941970825E-002   1.9997000694274902E-002   2.0765006542205811E-002
 LQ_PERF:   19.117870706621062        37.696460658330444        45.388342758701285        53.345035482976670        42.837147585099942        41.252790759246452
m=1000:n=1000:k=300:nb=64
 Provide M,N,K for ORGQR
 QR_TIME:   4.9858000129461288E-002   2.6837002485990524E-002   1.7721995711326599E-002   1.8380001187324524E-002   2.0131006836891174E-002   2.0154997706413269E-002
 QR_PERF:   17.580119493843618        32.660488087578194        49.458854086044013        47.688223252372310        43.540276306187927        43.488449503573840
 LQ_TIME:   4.9819990992546082E-002   2.1911010146141052E-002   1.9040986895561218E-002   1.6784995794296265E-002   1.9861996173858643E-002   2.0222008228302002E-002
 LQ_PERF:   17.593537905920954        40.003171654519548        46.032797817025418        52.219846268763924        44.130000445454627        43.344354828877378
 Provide M,N,K for ORGQR
 QR_TIME:   4.9358002841472626E-002   2.7284003794193268E-002   1.8371000885963440E-002   1.7512001097202301E-002   1.9866995513439178E-002   1.9599005579948425E-002
 QR_PERF:   17.758206360479409        32.125402364389920        47.711586616367022        50.051938389841141        44.118880452108549        44.722146561188261
 LQ_TIME:   4.8020988702774048E-002   2.2198989987373352E-002   1.8904000520706177E-002   1.6003996133804321E-002   1.9997000694274902E-002   1.9801974296569824E-002
 LQ_PERF:   18.252641681852051        39.484224304734290        46.366370919209913        54.768189936549568        43.832068288668054        44.263763141629390
 Provide M,N,K for ORGQR
 QR_TIME:   4.6574998646974564E-002   2.7295995503664017E-002   1.7308995127677917E-002   1.7260000109672546E-002   2.0081996917724609E-002   1.9565001130104065E-002
 QR_PERF:   18.819315629909024        32.111288994106985        50.638965089222246        50.782711148929941        43.646535929222367        44.799874744261665
 LQ_TIME:   4.8138990998268127E-002   2.2213995456695557E-002   1.8720999360084534E-002   1.6911983489990234E-002   2.0641982555389404E-002   1.9904971122741699E-002
 LQ_PERF:   18.207899289611902        39.457552861604178        46.819610595619515        51.827740993171119        42.462486229122042        44.034723516809102
 Provide M,N,K for ORGQR
 QR_TIME:   4.8606000840663910E-002   2.6276003569364548E-002   1.8483996391296387E-002   1.7582997679710388E-002   2.0305998623371124E-002   2.0658001303672791E-002
 QR_PERF:   18.032950352638551        33.357797264951330        47.419918368558257        49.849838802597006        43.165057589986439        42.429545197296754
 LQ_TIME:   4.8041999340057373E-002   2.2820994257926941E-002   1.9213005900382996E-002   1.6113013029098511E-002   2.0018011331558228E-002   1.9391983747482300E-002
 LQ_PERF:   18.244659090804468        38.408050503563913        45.620654287236100        54.397641112628015        43.786062735322240        45.199599556894178
 Provide M,N,K for ORGQR
 QR_TIME:   4.9254000186920166E-002   2.6106998324394226E-002   1.7544999718666077E-002   1.7581000924110413E-002   2.0073004066944122E-002   2.0686998963356018E-002
 QR_PERF:   17.795703834685998        33.573740998826146        49.957800744076607        49.855500479381881        43.666089892514940        42.370070281948969
 LQ_TIME:   4.8367992043495178E-002   2.2283002734184265E-002   2.0610019564628601E-002   1.6214013099670410E-002   1.9710004329681396E-002   1.9816994667053223E-002
 LQ_PERF:   18.121692941311142        39.335358454870615        42.528339056227139        54.058788198328102        44.470304792376901        44.230213245060966
m=1000:n=1000:k=310:nb=64
 Provide M,N,K for ORGQR
 QR_TIME:   4.8033997416496277E-002   2.6689000427722931E-002   1.8422000110149384E-002   1.7944999039173126E-002   2.0590998232364655E-002   2.0022004842758179E-002
 QR_PERF:   18.650224178351245        33.566068629136453        48.629074728234578        49.921697852666973        43.506624102950148        44.743012851883357
 LQ_TIME:   4.5965000987052917E-002   2.4076998233795166E-002   2.0098999142646790E-002   1.6651988029479980E-002   2.1441012620925903E-002   2.1115005016326904E-002
 LQ_PERF:   19.489722849181163        37.207509063258811        44.571628847884426        53.798088757572572        41.781847986306261        42.426943744853453
 Provide M,N,K for ORGQR
 QR_TIME:   4.8629000782966614E-002   2.7153000235557556E-002   1.8063999712467194E-002   1.8636994063854218E-002   2.1434001624584198E-002   2.0172998309135437E-002
 QR_PERF:   18.422028122646303        32.992480102691118        49.592827405866082        48.068096010045899        41.795500237925296        44.408114563431674
 LQ_TIME:   4.7468006610870361E-002   2.3624002933502197E-002   2.0313009619712830E-002   1.6705006361007690E-002   2.1138995885848999E-002   2.0374983549118042E-002
 LQ_PERF:   18.872609025777962        37.920970993851519        44.102038386799364        53.627344440350171        42.378792958642954        43.967894641013238
 Provide M,N,K for ORGQR
 QR_TIME:   4.8283003270626068E-002   2.6723999530076981E-002   1.7918996512889862E-002   1.8803000450134277E-002   2.0406998693943024E-002   1.9997000694274902E-002
 QR_PERF:   18.554040952647309        33.522108806795785        49.994139981866866        47.643716351323199        43.898901226758767        44.798959288753657
 LQ_TIME:   4.5855000615119934E-002   2.3726999759674072E-002   1.9467994570732117E-002   1.6656994819641113E-002   2.0370006561279297E-002   1.9955992698669434E-002
 LQ_PERF:   19.536476239946005        37.756359382721463        46.016302642019419        53.781918029035062        43.978637282468220        44.891033161168195
 Provide M,N,K for ORGQR
 QR_TIME:   4.9382001161575317E-002   2.7186997234821320E-002   1.9017003476619720E-002   1.8138997256755829E-002   2.1049991250038147E-002   2.0199000835418701E-002
 QR_PERF:   18.141120224529637        32.951223419870544        47.107569870373538        49.387780775276575        42.557966383875652        44.350947222555043
 LQ_TIME:   4.5947998762130737E-002   2.4599000811576843E-002   2.0482987165451050E-002   1.7854988574981689E-002   2.0866990089416504E-002   2.0004004240036011E-002
 LQ_PERF:   19.496934668204407        36.417947902111337        43.736058747868327        50.173380186602486        42.931209827638838        44.783290347792253
 Provide M,N,K for ORGQR
 QR_TIME:   4.8483997583389282E-002   2.6628997176885605E-002   1.7963998019695282E-002   1.8003001809120178E-002   2.0418003201484680E-002   2.0073994994163513E-002
 QR_PERF:   18.477123683112268        33.641703217333607        49.868899952995875        49.760858189003351        43.875241430800607        44.627131782212047
 LQ_TIME:   4.6125009655952454E-002   2.3607000708580017E-002   1.9946008920669556E-002   1.6786009073257446E-002   2.0291000604629517E-002   2.0392000675201416E-002
 LQ_PERF:   19.422112573680312        37.948282420917749        44.913502924971517        53.368559857817040        44.149874491433778        43.931203429658161
m=1000:n=1000:k=320:nb=64
 Provide M,N,K for ORGQR
 QR_TIME:   4.8859998583793640E-002   2.8239000588655472E-002   1.8932998180389404E-002   1.8822997808456421E-002   2.1716997027397156E-002   2.1326988935470581E-002
 QR_PERF:   18.719358708769441        32.388817625770926        48.308663598106804        48.590976278448814        42.115760242824912        42.885934004439370
 LQ_TIME:   5.0751999020576477E-002   2.4083003401756287E-002   2.0840018987655640E-002   1.7165005207061768E-002   2.1488010883331299E-002   2.1161019802093506E-002
 LQ_PERF:   18.021519893811092        37.978160146474899        43.888067498487892        53.284467378065081        42.564580079838670        43.222310103859634
 Provide M,N,K for ORGQR
 QR_TIME:   5.1881998777389526E-002   3.0481003224849701E-002   1.9434005022048950E-002   1.8755003809928894E-002   2.1818995475769043E-002   2.1310999989509583E-002
 QR_PERF:   17.629001610450675        30.006487426055180        47.063270744363003        48.767136987506035        41.918879401012504        42.918109917424282
 LQ_TIME:   5.0454989075660706E-002   2.3530989885330200E-002   2.0771026611328125E-002   1.7345994710922241E-002   2.2251009941101074E-002   2.1236985921859741E-002
 LQ_PERF:   18.127605946528945        38.869089845225837        44.033844696977042        52.728492960054155        41.105017813620208        43.067701008293803
 Provide M,N,K for ORGQR
 QR_TIME:   5.2547000348567963E-002   2.8893001377582550E-002   1.9280999898910522E-002   1.9001998007297516E-002   2.1767988801002502E-002   2.1453008055686951E-002
 QR_PERF:   17.405900126227202        31.655688104097063        47.436743156234407        48.133245759143165        42.017103571730878        42.634013730188407
 LQ_TIME:   5.0864994525909424E-002   2.4734005331993103E-002   2.0695000886917114E-002   1.8178999423980713E-002   2.3705005645751953E-002   2.1361976861953735E-002
 LQ_PERF:   17.981485470014356        36.978570503376609        44.195608639872354        50.312348808013823        38.583756260944220        42.815707830344941
 Provide M,N,K for ORGQR
 QR_TIME:   5.1165997982025146E-002   2.9045000672340393E-002   1.8964000046253204E-002   1.9116990268230438E-002   2.2634997963905334E-002   2.1502003073692322E-002
 QR_PERF:   17.875696284108695        31.490026470235264        48.229689821199237        47.843715311189641        40.407683776181550        42.536866768428951
 LQ_TIME:   5.0317004323005676E-002   2.3508012294769287E-002   2.0868003368377686E-002   1.7830014228820801E-002   2.1815001964569092E-002   2.1789997816085815E-002
 LQ_PERF:   18.177317435843822        38.907081914514386        43.829212783527780        51.297107689436181        41.926567849294550        41.974678828320172
 Provide M,N,K for ORGQR
 QR_TIME:   4.8971999436616898E-002   2.8544001281261444E-002   1.9128002226352692E-002   1.8948003649711609E-002   2.1841004490852356E-002   2.1683990955352783E-002
 QR_PERF:   18.676546812914541        32.042733987699002        47.816171766224244        48.270406577313530        41.876638063193134        42.179866330105639
 LQ_TIME:   5.0326004624366760E-002   2.4645000696182251E-002   2.0566999912261963E-002   1.7369985580444336E-002   2.2275000810623169E-002   2.1916985511779785E-002
 LQ_PERF:   18.174066604865288        37.112117434092212        44.470664846684926        52.655666049010229        41.060746429414486        41.731476233737169
m=1000:n=1000:k=330:nb=64
 Provide M,N,K for ORGQR
 QR_TIME:   5.2053000777959824E-002   2.9263995587825775E-002   1.9618995487689972E-002   1.9933000206947327E-002   2.3708999156951904E-002   2.2450998425483704E-002
 QR_PERF:   17.921477072557025        31.877624407108829        47.549155133112265        46.800112893936777        39.346522129613675        41.551232703358117
 LQ_TIME:   5.0659999251365662E-002   2.5602996349334717E-002   2.1825015544891357E-002   1.7787009477615356E-002   2.3281991481781006E-002   2.2992998361587524E-002
 LQ_PERF:   18.414271689410899        36.435852166351623        42.743016062518166        52.446533588122108        40.068178477343828        40.571785172588136
 Provide M,N,K for ORGQR
 QR_TIME:   5.0643000751733780E-002   3.0083999037742615E-002   2.0357005298137665E-002   2.0572997629642487E-002   2.2595003247261047E-002   2.2956997156143188E-002
 QR_PERF:   18.420445987653348        31.008731878685722        45.825338567129130        45.344226290868008        41.286414070911079        40.635395546510715
 LQ_TIME:   4.8083007335662842E-002   2.5356993079185486E-002   2.2117018699645996E-002   1.8664002418518066E-002   2.2410988807678223E-002   2.1813988685607910E-002
 LQ_PERF:   19.401178122818845        36.789338037314536        42.178695178972355        49.982151152875289        41.625427508151297        42.764622437687073
 Provide M,N,K for ORGQR
 QR_TIME:   4.9925997853279114E-002   3.2480999827384949E-002   1.9641995429992676E-002   1.9565999507904053E-002   2.2146001458168030E-002   2.1983996033668518E-002
 QR_PERF:   18.684987784149612        28.720380067041344        47.493477092227785        47.677945592462628        42.123480473985708        42.433898667526755
 LQ_TIME:   4.9035996198654175E-002   2.8081983327865601E-002   2.2901028394699097E-002   1.8974989652633667E-002   2.4679005146026611E-002   2.3806989192962646E-002
 LQ_PERF:   19.024126403403287        33.219412571701127        40.734720464166180        49.162977533983586        37.800024129019405        39.184584931712230
 Provide M,N,K for ORGQR
 QR_TIME:   4.9750998616218567E-002   3.1677998602390289E-002   2.0037002861499786E-002   2.0250007510185242E-002   2.2345989942550659E-002   2.2133991122245789E-002
 QR_PERF:   18.750712266022543        29.448409027002413        46.557195527104604        46.067472297518492        41.746490640974436        42.146337497281344
 LQ_TIME:   4.7492012381553650E-002   2.5288999080657959E-002   2.2624999284744263E-002   1.7982006072998047E-002   2.2494018077850342E-002   2.1959006786346436E-002
 LQ_PERF:   19.642608161248067        36.888252754672848        41.231691469224479        51.877804190089897        41.471780931775179        42.482203274331766
 Provide M,N,K for ORGQR
 QR_TIME:   5.1497001200914383E-002   3.0537996441125870E-002   1.9946999847888947E-002   1.9627995789051056E-002   2.2367998957633972E-002   2.1736994385719299E-002
 QR_PERF:   18.114970546740029        30.547736220955798        46.767266612213277        47.527351749299555        41.705414139498700        42.916083219530648
 LQ_TIME:   4.9562990665435791E-002   2.5904014706611633E-002   2.2423982620239258E-002   1.8501996994018555E-002   2.2185981273651123E-002   2.1789997816085815E-002
 LQ_PERF:   18.821846250100524        36.012448285164808        41.601307216409474        50.419800105987655        42.047587550608220        42.811706447778477
m=1000:n=1000:k=340:nb=64
 Provide M,N,K for ORGQR
 QR_TIME:   5.0737001001834869E-002   3.0342001467943192E-002   2.0363003015518188E-002   2.0224995911121368E-002   2.3435011506080627E-002   2.2670999169349670E-002
 QR_PERF:   18.735227964412466        31.328496276169904        46.681193303148483        46.999726683618199        40.561929306215958        41.928865723974511
 LQ_TIME:   5.2688002586364746E-002   2.5830000638961792E-002   2.1194994449615479E-002   1.9125014543533325E-002   2.3191988468170166E-002   2.2766977548599243E-002
 LQ_PERF:   18.041481425336858        36.800990959565347        44.848778906721783        49.702948870248719        40.986982263491932        41.752121816384211
 Provide M,N,K for ORGQR
 QR_TIME:   5.0999999046325684E-002   2.9884997755289078E-002   2.0583994686603546E-002   2.0288996398448944E-002   2.3098006844520569E-002   2.3180991411209106E-002
 QR_PERF:   18.638613681866023        31.807574080602610        46.180019693584960        46.851468713980807        41.153736181591746        41.006411811202980
 LQ_TIME:   5.2885994315147400E-002   2.6986002922058105E-002   2.3373007774353027E-002   1.8803983926773071E-002   2.3047983646392822E-002   2.2807002067565918E-002
 LQ_PERF:   17.973938701720535        35.224542987913686        40.669546220878374        50.551501410644214        41.243070742492961        41.678850082265534
 Provide M,N,K for ORGQR
 QR_TIME:   5.2407000213861465E-002   3.0734002590179443E-002   2.0428001880645752E-002   2.0397990942001343E-002   2.3195996880531311E-002   2.2804006934165955E-002
 QR_PERF:   18.138211996888497        30.928912601306905        46.532660685752369        46.601122762668275        40.979884800632327        41.684309373534518
 LQ_TIME:   5.2149996161460876E-002   2.4740993976593018E-002   2.1210998296737671E-002   1.8429011106491089E-002   2.3097008466720581E-002   2.2890001535415649E-002
 LQ_PERF:   18.227606710783920        38.420833896136742        44.814940188185346        51.580066586708455        41.155529789480404        41.527721985045247
 Provide M,N,K for ORGQR
 QR_TIME:   5.1151998341083527E-002   3.0171997845172882E-002   2.0316004753112793E-002   2.0412005484104156E-002   2.3479998111724854E-002   2.2817999124526978E-002
 QR_PERF:   18.583228628949485        31.505016170219516        46.789183776616071        46.569127209977260        40.484214499375469        41.658748201906839
 LQ_TIME:   5.3948000073432922E-002   2.6223987340927124E-002   2.3478984832763672E-002   1.9613981246948242E-002   2.3062020540237427E-002   2.3607999086380005E-002
 LQ_PERF:   17.620108599134426        36.248096357050542        40.485976151470176        48.463879313023206        41.217967798679872        40.264726227832050
 Provide M,N,K for ORGQR
 QR_TIME:   5.0537999719381332E-002   3.0509997159242630E-002   2.0479999482631683E-002   2.0365998148918152E-002   2.3401007056236267E-002   2.3746997117996216E-002
 QR_PERF:   18.809000856348820        31.155993723586324        46.414516797529316        46.674328115388469        40.620870619611964        40.029030840266913
 LQ_TIME:   5.3462997078895569E-002   2.7418017387390137E-002   2.2282987833023071E-002   2.0125001668930054E-002   2.4994999170303345E-002   2.2621005773544312E-002
 LQ_PERF:   17.779953836056748        34.669524297448945        42.658983935326184        47.233269126508205        38.030392140575678        42.021545351078458
m=1000:n=1000:k=350:nb=64
 Provide M,N,K for ORGQR
 QR_TIME:   5.3167004138231277E-002   3.1900994479656219E-002   2.1213002502918243E-002   2.0959004759788513E-002   2.4288997054100037E-002   2.4118006229400635E-002
 QR_PERF:   18.201960326444571        30.335847386110355        45.620307632871338        46.173170486448470        39.842884325132836        40.125360728213465
 LQ_TIME:   5.0852000713348389E-002   2.6615008711814880E-002   2.3369997739791870E-002   2.0837008953094482E-002   2.5604993104934692E-002   2.3445993661880493E-002
 LQ_PERF:   19.030599316143959        36.360839121965085        41.409676662151810        46.443520381378029        37.795130271427126        41.275454730391743
 Provide M,N,K for ORGQR
 QR_TIME:   5.4052997380495071E-002   3.1739994883537292E-002   2.1141998469829559E-002   2.1265000104904175E-002   2.3862004280090332E-002   2.3800998926162720E-002
 QR_PERF:   17.903608437988467        30.489724511642674        45.773520482512914        45.508755947610702        40.555843031486397        40.659793439855555
 LQ_TIME:   5.1380008459091187E-002   2.9155999422073364E-002   2.3416996002197266E-002   1.9026994705200195E-002   2.4627000093460083E-002   2.3876994848251343E-002
 LQ_PERF:   18.835030958987069        33.191935422640405        41.326566819637947        50.861634482691564        39.296059054183907        40.530395728207552
 Provide M,N,K for ORGQR
 QR_TIME:   5.3849998861551285E-002   3.3801995217800140E-002   2.1888993680477142E-002   2.1675996482372284E-002   2.4321004748344421E-002   2.4588003754615784E-002
 QR_PERF:   17.971099729975403        28.629780395045611        44.211429457496415        44.645869027843986        39.790449038330799        39.358367993511074
 LQ_TIME:   5.2618011832237244E-002   2.6486009359359741E-002   2.4388015270233154E-002   2.0139992237091064E-002   2.3793011903762817E-002   2.3733019828796387E-002
 LQ_PERF:   18.391877919779109        36.537933550869731        39.681131870586540        48.050865095059088        40.673457144236252        40.776271076375657
 Provide M,N,K for ORGQR
 QR_TIME:   5.3494002670049667E-002   3.1461000442504883E-002   2.1219000220298767E-002   2.1048009395599365E-002   2.3588001728057861E-002   2.3402988910675049E-002
 QR_PERF:   18.090695249877466        30.760105730539493        45.607412693941427        45.977920372951374        41.026947138505236        41.351286525567382
 LQ_TIME:   5.0419002771377563E-002   2.7793005108833313E-002   2.3289024829864502E-002   1.9001007080078125E-002   2.3813009262084961E-002   2.3575991392135620E-002
 LQ_PERF:   19.194033931773440        34.819698201416394        41.553652721389213        50.931197800281069        40.639300953065209        41.047862374212436
 Provide M,N,K for ORGQR
 QR_TIME:   5.2296999841928482E-002   3.3371001482009888E-002   2.1586000919342041E-002   2.1475002169609070E-002   2.4779006838798523E-002   2.3794993758201599E-002
 QR_PERF:   18.504765147619871        28.999540230211700        44.832004946912491        45.063730022320030        39.054983369419162        40.670054795305020
 LQ_TIME:   5.0426006317138672E-002   2.9079020023345947E-002   2.4592995643615723E-002   2.0664989948272705E-002   2.3860991001129150E-002   2.4120986461639404E-002
 LQ_PERF:   19.191368118935991        33.279802731421192        39.350393259278434        46.830124399885783        40.557579941009337        40.120417609745900
m=1000:n=1000:k=360:nb=64
 Provide M,N,K for ORGQR
 QR_TIME:   5.4883003234863281E-002   3.4247003495693207E-002   2.1741002798080444E-002   2.2503003478050232E-002   2.5677993893623352E-002   2.5473996996879578E-002
 QR_PERF:   17.936298343358182        28.744059903629079        45.278404549348316        43.745179213974552        38.336247141349183        38.643245507196347
 LQ_TIME:   5.6157007813453674E-002   2.8607010841369629E-002   2.4026989936828613E-002   2.0302981138229370E-002   2.6578009128570557E-002   2.5239020586013794E-002
 LQ_PERF:   17.529393362090158        34.411084942031977        40.970520343503892        48.485405827739925        37.038074418516231        39.003030115419946
 Provide M,N,K for ORGQR
 QR_TIME:   5.5679000914096832E-002   3.4845001995563507E-002   2.4805009365081787E-002   2.4725988507270813E-002   2.6260986924171448E-002   2.7094990015029907E-002
 QR_PERF:   17.679877581114603        28.250763771669014        39.685448431466625        39.812277665280497        37.485183738236771        36.331363084243357
 LQ_TIME:   5.9403985738754272E-002   2.8236001729965210E-002   2.3995995521545410E-002   2.0437002182006836E-002   2.5010019540786743E-002   2.5043010711669922E-002
 LQ_PERF:   16.571249685655239        34.863232033142850        41.023439895049705        48.167449963218424        39.360156372314201        39.308304074688401
 Provide M,N,K for ORGQR
 QR_TIME:   5.3225003182888031E-002   3.2173000276088715E-002   2.1837003529071808E-002   2.1672993898391724E-002   2.5889992713928223E-002   2.5020003318786621E-002
 QR_PERF:   18.495027921698394        30.597019598809815        45.079349769278636        45.420486187330525        38.022332832500815        39.344436028145964
 LQ_TIME:   5.5345997214317322E-002   2.7406007051467896E-002   2.4174988269805908E-002   1.9942998886108398E-002   2.4346977472305298E-002   2.5812000036239624E-002
 LQ_PERF:   17.786259703445154        35.919069791937261        40.719700419854782        49.360594443280931        40.432052854189138        38.137233791179334
 Provide M,N,K for ORGQR
 QR_TIME:   5.3672999143600464E-002   3.2216995954513550E-002   2.2900998592376709E-002   2.2494994103908539E-002   2.4877995252609253E-002   2.4238005280494690E-002
 QR_PERF:   18.340654252732804        30.555236167575934        42.984934304466819        43.760754746273058        39.569021137133404        40.613817375152777
 LQ_TIME:   5.4756999015808105E-002   2.7476996183395386E-002   2.4017989635467529E-002   1.9758999347686768E-002   2.4569004774093628E-002   2.4329990148544312E-002
 LQ_PERF:   17.977579080179478        35.826269852411357        40.985873295004353        49.820249632998028        40.066672991084367        40.460282720619908
 Provide M,N,K for ORGQR
 QR_TIME:   5.6123998016119003E-002   3.2708995044231415E-002   2.2102996706962585E-002   2.1663002669811249E-002   2.5565996766090393E-002   2.4625986814498901E-002
 QR_PERF:   17.539697006568876        30.095633285853861        44.536853217279280        45.441434643398729        38.504186987368385        39.973948147345780
 LQ_TIME:   5.5992990732192993E-002   2.9324978590011597E-002   2.4706006050109863E-002   2.0390003919601440E-002   2.6078999042510986E-002   2.4891018867492676E-002
 LQ_PERF:   17.580741216489859        33.568593306161752        39.844492792699796        48.278474289731371        37.746781553822181        39.548332080757469
m=1000:n=1000:k=370:nb=64
 Provide M,N,K for ORGQR
 QR_TIME:   5.5342998355627060E-002   3.3950001001358032E-002   2.2975996136665344E-002   2.2903993725776672E-002   2.7049988508224487E-002   2.5159001350402832E-002
 QR_PERF:   18.078889285518247        29.470984108659597        43.547184376625459        43.684081998065246        36.988553237122012        39.768666731439239
 LQ_TIME:   5.0965994596481323E-002   2.8124004602432251E-002   2.5385022163391113E-002   2.0314991474151611E-002   2.5942981243133545E-002   2.5599002838134766E-002
 LQ_PERF:   19.631527215777655        35.576025681402079        39.414592729523960        49.251328078235595        38.566897945270568        39.085128289040142
 Provide M,N,K for ORGQR
 QR_TIME:   6.1141002923250198E-002   3.3389002084732056E-002   2.4357005953788757E-002   2.4159997701644897E-002   2.6329994201660156E-002   2.5778993964195251E-002
 QR_PERF:   16.364467250495867        29.966152850597521        41.078116986064330        41.413080926405868        38.000006089515736        38.812218249853416
 LQ_TIME:   5.1622986793518066E-002   3.0870020389556885E-002   2.5786012411117554E-002   2.0711004734039307E-002   2.6277989149093628E-002   2.5602012872695923E-002
 LQ_PERF:   19.381681924022860        32.411391290770766        38.801668674006393        48.309597861062471        38.075223500673005        39.080533041488231
 Provide M,N,K for ORGQR
 QR_TIME:   5.3594999015331268E-002   3.3707000315189362E-002   2.2757999598979950E-002   2.2842995822429657E-002   2.5999009609222412E-002   2.5178000330924988E-002
 QR_PERF:   18.668531735839526        29.683446484234533        43.964318377299108        43.800732083379565        38.483771306622650        39.738657830228178
 LQ_TIME:   5.1308020949363708E-002   2.7952998876571655E-002   2.5399982929229736E-002   2.0685017108917236E-002   2.7051001787185669E-002   2.5662988424301147E-002
 LQ_PERF:   19.500660744397862        35.793666161471727        39.391377261462658        48.370291633390558        36.987181394293721        38.987677251670142
 Provide M,N,K for ORGQR
 QR_TIME:   5.4322998970746994E-002   3.2962001860141754E-002   2.2919006645679474E-002   2.3022994399070740E-002   2.5659009814262390E-002   2.5260001420974731E-002
 QR_PERF:   18.418348746518802        30.354343897112358        43.655467074469151        43.458288815827714        38.993708145505153        39.609654937279544
 LQ_TIME:   5.1824018359184265E-002   2.7631014585494995E-002   2.5115996599197388E-002   2.0286023616790771E-002   2.5952011346817017E-002   2.4959981441497803E-002
 LQ_PERF:   19.306498061678848        36.210769854438766        39.836775182234796        49.321657555986050        38.553478442537561        40.085779404327930
 Provide M,N,K for ORGQR
 QR_TIME:   5.6051995605230331E-002   3.3915996551513672E-002   2.3028999567031860E-002   2.2798992693424225E-002   2.6923999190330505E-002   2.5949001312255859E-002
 QR_PERF:   17.850210847919168        29.500531953419657        43.446956394595851        43.885269557921291        37.161639061381869        38.557936313619877
 LQ_TIME:   5.0661012530326843E-002   2.8649002313613892E-002   2.5182992219924927E-002   2.1071016788482666E-002   2.5801002979278564E-002   2.5456011295318604E-002
 LQ_PERF:   19.749710083292427        34.924089120009157        39.730795342436188        47.484196896795758        38.779124625641849        39.304677327197794
m=1000:n=1000:k=380:nb=64
 Provide M,N,K for ORGQR
 QR_TIME:   6.1406999826431274E-002   3.3747002482414246E-002   2.3809999227523804E-002   2.3724004626274109E-002   2.7226001024246216E-002   2.7193009853363037E-002
 QR_PERF:   16.548239823998191        30.111645042534843        42.678613732390303        42.833314864329139        37.323797905356692        37.369079976055922
 LQ_TIME:   5.6295990943908691E-002   2.7380019426345825E-002   2.5379002094268799E-002   2.1106988191604614E-002   2.7688980102539062E-002   2.6062995195388794E-002
 LQ_PERF:   18.050630657029973        37.113857524228223        40.040114115813793        48.144156370172638        36.699731670752911        38.989307728521844
 Provide M,N,K for ORGQR
 QR_TIME:   5.4051995277404785E-002   3.5214997828006744E-002   2.7669005095958710E-002   2.3716002702713013E-002   2.7004003524780273E-002   2.6576995849609375E-002
 QR_PERF:   18.800004602693921        28.856391386508236        36.726212470444821        42.847767085291885        37.630633512082852        38.235237938487153
 LQ_TIME:   5.6497007608413696E-002   2.8677016496658325E-002   2.5012999773025513E-002   2.2612988948822021E-002   2.6653021574020386E-002   2.6036977767944336E-002
 LQ_PERF:   17.986406413649913        35.435281076691268        40.626000448609346        44.937807306226794        38.126189076832610        39.028267760441729
 Provide M,N,K for ORGQR
 QR_TIME:   5.3939998149871826E-002   3.4111998975276947E-002   2.3570999503135681E-002   2.3595005273818970E-002   2.7055010199546814E-002   2.8467997908592224E-002
 QR_PERF:   18.839039578321060        29.789452114386091        43.111356387955318        43.067494506032233        37.559688667832084        35.695441711877351
 LQ_TIME:   5.8999001979827881E-002   2.7786999940872192E-002   2.4945974349975586E-002   2.1753996610641479E-002   2.8120994567871094E-002   2.7125984430313110E-002
 LQ_PERF:   17.223649653386300        36.570271787610032        40.735155329821566        46.712250543558170        36.135924621990711        37.461429007694463
 Provide M,N,K for ORGQR
 QR_TIME:   5.5624000728130341E-002   3.4124001860618591E-002   2.4351000785827637E-002   2.3797005414962769E-002   2.7018994092941284E-002   2.6658013463020325E-002
 QR_PERF:   18.268692411513211        29.778973877408497        41.730431079096299        42.701917416931003        37.609755437397155        38.119035441617939
 LQ_TIME:   5.6373000144958496E-002   2.8596997261047363E-002   2.4618983268737793E-002   2.1007001399993896E-002   2.6631981134414673E-002   2.6790022850036621E-002
 LQ_PERF:   18.025972316303587        35.534434987136216        41.276202550995890        48.373307577363008        38.156310447624307        37.931215874219042
 Provide M,N,K for ORGQR
 QR_TIME:   5.7196997106075287E-002   3.4528993070125580E-002   2.3746997117996216E-002   2.3669004440307617E-002   2.7257993817329407E-002   2.6322990655899048E-002
 QR_PERF:   17.766278151201487        29.429695732401623        42.791842478049944        42.932847579743537        37.279990846353478        38.604191039070706
 LQ_TIME:   5.7353004813194275E-002   2.8412997722625732E-002   2.5335997343063354E-002   2.1078974008560181E-002   2.7507007122039795E-002   2.8178006410598755E-002
 LQ_PERF:   17.717958166443346        35.764552192632628        40.108077303624107        48.208140471511072        36.942519245788631        36.062811726019731
m=1000:n=1000:k=390:nb=64
 Provide M,N,K for ORGQR
 QR_TIME:   5.5796999484300613E-002   3.5275995731353760E-002   2.5384999811649323E-002   2.5196000933647156E-002   2.9552996158599854E-002   2.8372004628181458E-002
 QR_PERF:   18.483420067958644        29.235726975761878        40.627117890571014        40.931867827594779        34.897286707083623        36.349894676656263
 LQ_TIME:   5.3593993186950684E-002   3.0791014432907104E-002   2.7545988559722900E-002   2.2776991128921509E-002   2.9121011495590210E-002   2.8625994920730591E-002
 LQ_PERF:   19.243197020279329        33.494179681777666        37.439925881185168        45.279017064306728        35.414970738779886        36.027386047397464
 Provide M,N,K for ORGQR
 QR_TIME:   5.6901998817920685E-002   3.5608001053333282E-002   2.5082007050514221E-002   2.5381997227668762E-002   2.9120996594429016E-002   2.8248012065887451E-002
 QR_PERF:   18.124484225942460        28.963136078750978        41.117896902068544        40.631923908484431        35.414975468157444        36.509449854187451
 LQ_TIME:   5.4848998785018921E-002   3.1596988439559937E-002   2.7581989765167236E-002   2.2334992885589600E-002   2.9008984565734863E-002   2.9173016548156738E-002
 LQ_PERF:   18.802891444605322        32.639812239471880        37.391057671351682        46.175065973063333        35.551736313382889        35.351838514799141
 Provide M,N,K for ORGQR
 QR_TIME:   5.5948000401258469E-002   3.6044001579284668E-002   2.5182999670505524E-002   2.5444999337196350E-002   2.8649002313613892E-002   2.8041005134582520E-002
 QR_PERF:   18.433534221122976        28.612788114866898        40.952999781351991        40.531318799933423        35.998439621400749        36.778973330313697
 LQ_TIME:   5.4538995027542114E-002   3.0764013528823853E-002   2.8164982795715332E-002   2.2803992033004761E-002   2.8385013341903687E-002   2.8227001428604126E-002
 LQ_PERF:   18.909768496452585        33.523576793181469        36.617092134595303        45.225404767171746        36.333249436155910        36.536639310008376
 Provide M,N,K for ORGQR
 QR_TIME:   6.0803003609180450E-002   3.6104001104831696E-002   2.5444008409976959E-002   2.4892002344131470E-002   2.8617992997169495E-002   2.8245002031326294E-002
 QR_PERF:   16.961651872150021        28.565237880573338        40.532897308570490        41.431756503234602        36.037446095608601        36.513340620622806
 LQ_TIME:   5.4251000285148621E-002   3.0129998922348022E-002   2.7415007352828979E-002   2.2425979375839233E-002   2.8795987367630005E-002   2.8070986270904541E-002
 LQ_PERF:   19.010152155338726        34.229001224259903        37.618803333772483        45.987724893348414        35.814704209772010        36.739705546753754
 Provide M,N,K for ORGQR
 QR_TIME:   5.7828001677989960E-002   3.6961004137992859E-002   2.6184000074863434E-002   2.5197997689247131E-002   2.8416007757186890E-002   2.8251007199287415E-002
 QR_PERF:   17.834255898082205        27.902904806092344        39.387388368901803        40.928624278749737        36.293605661026113        36.505579171917574
 LQ_TIME:   5.5243000388145447E-002   3.1452000141143799E-002   2.7051001787185669E-002   2.3111999034881592E-002   2.9071003198623657E-002   2.8744995594024658E-002
 LQ_PERF:   18.668786321412586        32.790276146885915        38.125012083232590        44.622698730797332        35.475892006672375        35.878237191811735
m=1000:n=1000:k=400:nb=64
 Provide M,N,K for ORGQR
 QR_TIME:   5.7365000247955322E-002   3.9278998970985413E-002   2.5853998959064484E-002   2.6277005672454834E-002   3.0007004737854004E-002   2.9490992426872253E-002
 QR_PERF:   18.233640642881056        26.629314071181870        40.456905782974786        39.805631320331628        34.857621050077668        35.467534793671689
 LQ_TIME:   6.3750997185707092E-002   3.0508011579513550E-002   2.8358012437820435E-002   2.3128002882003784E-002   3.0142009258270264E-002   2.8753995895385742E-002
 LQ_PERF:   16.407166102093633        34.285197423432933        36.884573708875642        45.225400798176402        34.701508815740588        36.376620620157041
 Provide M,N,K for ORGQR
 QR_TIME:   5.6374996900558472E-002   3.6770999431610107E-002   2.6161000132560730E-002   2.6444002985954285E-002   3.0891999602317810E-002   3.0294001102447510E-002
 QR_PERF:   18.553842261756969        28.445590714644318        39.982141152858766        39.554253588443771        33.859018951998216        34.527390306178269
 LQ_TIME:   5.8779001235961914E-002   2.9794007539749146E-002   2.8614997863769531E-002   2.2931993007659912E-002   2.9419004917144775E-002   2.8683990240097046E-002
 LQ_PERF:   17.795014852345897        35.106831419188353        36.553320918620230        45.611962276920998        35.554336489145790        36.465400777394116
 Provide M,N,K for ORGQR
 QR_TIME:   5.6850001215934753E-002   3.6883004009723663E-002   2.6224002242088318E-002   2.7614995837211609E-002   3.0593007802963257E-002   3.1014993786811829E-002
 QR_PERF:   18.398817548429875        28.359208477819340        39.886085668543060        37.876985611945535        34.189930154520027        33.724746398136240
 LQ_TIME:   5.8082014322280884E-002   3.0014008283615112E-002   2.8688997030258179E-002   2.3111999034881592E-002   2.9729008674621582E-002   2.9286980628967285E-002
 LQ_PERF:   18.008555870603708        34.849500610386819        36.459036852937587        45.256717016185995        35.183588240293524        35.714613713557235
 Provide M,N,K for ORGQR
 QR_TIME:   5.9065997600555420E-002   3.6359995603561401E-002   2.6102997362613678E-002   2.6675000786781311E-002   3.1643003225326538E-002   3.1292006373405457E-002
 QR_PERF:   17.708543705188589        28.767132191224707        40.070984395765471        39.211725178967100        33.055421211183287        33.426197972685905
 LQ_TIME:   5.9127986431121826E-002   3.0974984169006348E-002   2.8836995363235474E-002   2.3580998182296753E-002   2.9846996068954468E-002   2.9509991407394409E-002
 LQ_PERF:   17.689985117596621        33.768320729170981        36.271920386460231        44.356612553630406        35.044504900376737        35.444713810994443
 Provide M,N,K for ORGQR
 QR_TIME:   5.7183001190423965E-002   3.6205999553203583E-002   2.6213996112346649E-002   2.6187986135482788E-002   3.0358999967575073E-002   2.9944002628326416E-002
 QR_PERF:   18.291673718153181        28.889488286685076        39.901310563914841        39.940940650750690        34.453466883532101        34.930961400949485
 LQ_TIME:   5.9971004724502563E-002   3.0429005622863770E-002   2.8254002332687378E-002   2.2624015808105469E-002   2.9364019632339478E-002   2.9768973588943481E-002
 LQ_PERF:   17.441315262351157        34.374215607429377        37.020355122923654        46.232870807368379        35.620913386396126        35.136354193564998
m=1000:n=1000:k=410:nb=64
 Provide M,N,K for ORGQR
 QR_TIME:   5.9095997363328934E-002   3.9265997707843781E-002   2.6482000946998596E-002   2.6752009987831116E-002   3.5757988691329956E-002   3.1011000275611877E-002
 QR_PERF:   17.939387899354696        26.999085261705321        40.032700781250981        39.628649229805028        29.647809029511993        34.186127844245497
 LQ_TIME:   5.7212993502616882E-002   3.4162998199462891E-002   3.0927002429962158E-002   2.3876994848251343E-002   3.2930016517639160E-002   3.0860990285873413E-002
 LQ_PERF:   18.529819278753692        31.032007899607230        34.278990742825030        44.400329134285549        32.193923420358026        34.352314043703288
 Provide M,N,K for ORGQR
 QR_TIME:   5.9712000191211700E-002   4.0726996958255768E-002   2.6884995400905609E-002   2.6719003915786743E-002   3.0913010239601135E-002   3.0551001429557800E-002
 QR_PERF:   17.754321017637427        26.030547282595503        39.432627909777864        39.677602628502925        34.294493217677619        34.700859886521393
 LQ_TIME:   5.4974004626274109E-002   3.4637987613677979E-002   2.9742985963821411E-002   2.3817986249923706E-002   3.0667006969451904E-002   3.0268996953964233E-002
 LQ_PERF:   19.284504325401041        30.606467148841102        35.643577658596023        44.510330087347157        34.569608669539733        35.024167851097424
 Provide M,N,K for ORGQR
 QR_TIME:   5.7006999850273132E-002   3.8176998496055603E-002   2.6917003095149994E-002   2.7067005634307861E-002   3.0630990862846375E-002   2.9299989342689514E-002
 QR_PERF:   18.596769217542338        27.769234401953650        39.385737567159588        39.167465892726902        34.610242441941246        36.182471181154590
 LQ_TIME:   5.4457992315292358E-002   3.1823992729187012E-002   2.9022008180618286E-002   2.3236989974975586E-002   2.9916971921920776E-002   2.9296994209289551E-002
 LQ_PERF:   19.467233089720423        33.312803928204104        36.529051449582170        45.623225346384984        35.436287895942073        36.186184235372743
 Provide M,N,K for ORGQR
 QR_TIME:   5.7367004454135895E-002   3.7836998701095581E-002   2.7019992470741272E-002   2.7245998382568359E-002   3.1408995389938354E-002   3.0824005603790283E-002
 QR_PERF:   18.480065851225884        28.018766191656294        39.235614930240423        38.910154992825213        33.752942647112178        34.393518922460835
 LQ_TIME:   5.5183008313179016E-002   3.2773017883300781E-002   3.1011015176773071E-002   2.4343997240066528E-002   3.1253010034561157E-002   3.0936002731323242E-002
 LQ_PERF:   19.211464949199080        32.348147911644986        34.186124638513569        43.548576659183965        33.921418411462980        34.269017856226888
 Provide M,N,K for ORGQR
 QR_TIME:   5.8179002255201340E-002   3.9824999868869781E-002   2.6710994541645050E-002   2.7415007352828979E-002   3.2422006130218506E-002   2.9768005013465881E-002
 QR_PERF:   18.222141647422639        26.620113584198400        39.689500080093566        38.670280345214010        32.698347404601371        35.613606606167643
 LQ_TIME:   5.6649014353752136E-002   3.4936010837554932E-002   2.9688000679016113E-002   2.4434000253677368E-002   3.0443012714385986E-002   3.0145019292831421E-002
 LQ_PERF:   18.714296128433546        30.345377293631401        35.709593295358758        43.388164811058545        34.823965681261988        35.168212025397715
m=1000:n=1000:k=420:nb=64
 Provide M,N,K for ORGQR
 QR_TIME:   6.0124002397060394E-002   3.9911001920700073E-002   2.8549008071422577E-002   2.8870001435279846E-002   3.2939001917839050E-002   3.2196998596191406E-002
 QR_PERF:   17.860538174226786        26.906040648482016        37.614162891877001        37.195946886505268        32.601080101896706        33.352395776636946
 LQ_TIME:   6.0588017106056213E-002   3.2609999179840088E-002   2.9601007699966431E-002   2.4076014757156372E-002   3.1363993883132935E-002   3.1089007854461670E-002
 LQ_PERF:   17.723759767880917        32.930005734678645        36.277395380739613        44.602375884522530        34.238224379245857        34.541065608367077
 Provide M,N,K for ORGQR
 QR_TIME:   5.7368002831935883E-002   4.0380999445915222E-002   2.7883008122444153E-002   2.8349995613098145E-002   3.2877996563911438E-002   3.2053992152214050E-002
 QR_PERF:   18.718571102186008        26.592879194044464        38.512596463206471        37.878208330440295        32.661571635380888        33.501194949466743
 LQ_TIME:   6.1044991016387939E-002   3.2220005989074707E-002   3.0067980289459229E-002   2.5889992713928223E-002   3.2265007495880127E-002   3.1255006790161133E-002
 LQ_PERF:   17.591082284076649        33.328592811687393        35.713987093986923        41.477317968586938        33.282107872967892        34.357614036354647
 Provide M,N,K for ORGQR
 QR_TIME:   6.0491003096103668E-002   3.9250999689102173E-002   2.7879998087882996E-002   3.0073001980781555E-002   3.3050999045372009E-002   3.1961008906364441E-002
 QR_PERF:   17.752177762599683        27.358463440566783        38.516754435026584        35.708009485925366        32.490607576667678        33.598659014364323
 LQ_TIME:   6.0766011476516724E-002   3.2274991273880005E-002   3.1049996614456177E-002   2.5546997785568237E-002   3.2214015722274780E-002   3.2249003648757935E-002
 LQ_PERF:   17.671843747964154        33.271812558755350        34.584463030184061        42.034193959441588        33.334790336538980        33.298624407001149
 Provide M,N,K for ORGQR
 QR_TIME:   5.9476997703313828E-002   3.9953999221324921E-002   2.8200007975101471E-002   2.8973996639251709E-002   3.2955005764961243E-002   3.2361000776290894E-002
 QR_PERF:   18.054829286384262        26.877085171159745        38.079671500381409        37.062440966298581        32.585248130702702        33.183369309973507
 LQ_TIME:   6.0267999768257141E-002   3.1365990638732910E-002   2.9347002506256104E-002   2.5361984968185425E-002   3.2929003238677979E-002   3.0963003635406494E-002
 LQ_PERF:   17.817871243929854        34.236044777554014        36.591384751171113        42.340828659391427        32.610991964028621        34.681630782487943
 Provide M,N,K for ORGQR
 QR_TIME:   5.9503000229597092E-002   4.0502004325389862E-002   2.7891993522644043E-002   2.8006002306938171E-002   3.2060995697975159E-002   3.1142994761466980E-002
 QR_PERF:   18.046939412407362        26.513429591602399        38.500189637868658        38.343460385060617        33.493876800208668        34.481174602022016
 LQ_TIME:   5.8868989348411560E-002   3.1063973903656006E-002   2.8708994388580322E-002   2.4295985698699951E-002   3.1174004077911377E-002   3.0921012163162231E-002
 LQ_PERF:   18.241309590768015        34.568901690765841        37.404565463538077        44.198554992459528        34.446889059108209        34.728729264539695
m=1000:n=1000:k=430:nb=64
 Provide M,N,K for ORGQR
 QR_TIME:   5.8600001037120819E-002   3.9783000946044922E-002   2.8505004942417145E-002   2.8171002864837646E-002   3.3352002501487732E-002   3.1376004219055176E-002
 QR_PERF:   18.550918784308120        27.325335800442520        38.136596088862781        38.588752598398663        32.594260568057599        34.646982210048137
 LQ_TIME:   5.6484997272491455E-002   3.2701015472412109E-002   3.0710011720657349E-002   2.4305999279022217E-002   3.1834989786148071E-002   3.0795991420745850E-002
 LQ_PERF:   19.245540276044537        33.243135550854923        35.398367799018573        44.724937144971861        34.147467842851590        35.299538668778858
 Provide M,N,K for ORGQR
 QR_TIME:   5.9274002909660339E-002   3.9875000715255737E-002   2.8493992984294891E-002   2.8062000870704651E-002   3.2326996326446533E-002   3.1404003500938416E-002
 QR_PERF:   18.339977167677159        27.262290670858690        38.151334584772684        38.738643940919481        33.627741007000481        34.616091542835157
 LQ_TIME:   5.6205019354820251E-002   3.2887011766433716E-002   3.0828982591629028E-002   2.4888992309570312E-002   3.1922996044158936E-002   3.0955016613006592E-002
 LQ_PERF:   19.341409405755673        33.055125157632524        35.261763399716450        43.677312302515134        34.053329095309266        35.118194365408030
 Provide M,N,K for ORGQR
 QR_TIME:   5.8210000395774841E-002   4.0065005421638489E-002   2.9320999979972839E-002   2.8659000992774963E-002   3.3200010657310486E-002   3.2391995191574097E-002
 QR_PERF:   18.675207912881337        27.133001694613096        37.075265534685457        37.931673203614380        32.743479248270340        33.560262452828951
 LQ_TIME:   5.7817012071609497E-002   3.3196002244949341E-002   3.0620992183685303E-002   2.4638980627059937E-002   3.1960994005203247E-002   3.1152009963989258E-002
 LQ_PERF:   18.802152706431581        32.747445971913564        35.501275839755202        44.120505894878697        34.012843587499901        34.896120386987398
 Provide M,N,K for ORGQR
 QR_TIME:   6.0954000800848007E-002   4.1829004883766174E-002   2.9508002102375031E-002   2.8042003512382507E-002   3.2339006662368774E-002   3.1664997339248657E-002
 QR_PERF:   17.834495615009345        25.988757395036593        36.840307121724898        38.766269304544394        33.615252049933346        34.330773767429413
 LQ_TIME:   5.6152999401092529E-002   3.1579017639160156E-002   3.0656993389129639E-002   2.5750011205673218E-002   3.2503992319107056E-002   3.1093984842300415E-002
 LQ_PERF:   19.359327223735967        34.424259247758883        35.459585883117242        42.216847259487587        33.444639025495078        34.961240751655765
 Provide M,N,K for ORGQR
 QR_TIME:   5.8001004159450531E-002   4.2116001248359680E-002   2.8613001108169556E-002   2.8499007225036621E-002   3.1609997153282166E-002   3.1917005777359009E-002
 QR_PERF:   18.742500681738171        25.811658936693078        37.992654314391963        38.144622071079993        34.390508000635002        34.059706840393702
 LQ_TIME:   5.6233987212181091E-002   3.2512009143829346E-002   3.0966997146606445E-002   2.4871021509170532E-002   3.1699001789093018E-002   3.0993998050689697E-002
 LQ_PERF:   19.331446050557162        33.436392232509085        35.104607813713365        43.708871772683977        34.293959703615762        35.074025887918950
m=1000:n=1000:k=440:nb=64
 Provide M,N,K for ORGQR
 QR_TIME:   6.0088999569416046E-002   4.2608000338077545E-002   2.9214993119239807E-002   2.9326006770133972E-002   3.4397006034851074E-002   3.4018993377685547E-002
 QR_PERF:   18.303923977456371        25.813567200361728        37.647261305554579        37.504747530786148        31.975587610317493        32.330894326857013
 LQ_TIME:   6.1278015375137329E-002   3.1509011983871460E-002   3.3623009920120239E-002   2.7007997035980225E-002   3.5331010818481445E-002   3.6678999662399292E-002
 LQ_PERF:   17.948768628793651        34.906360141123706        32.711673422843482        40.723675973999590        31.130298695690502        29.986229998728767
 Provide M,N,K for ORGQR
 QR_TIME:   6.1902996152639389E-002   4.0983997285366058E-002   2.9775001108646393E-002   2.9281005263328552E-002   3.3261001110076904E-002   3.2717004418373108E-002
 QR_PERF:   17.767548396009335        26.836437459767325        36.939191907556612        37.562387975028550        33.067690186474273        33.617517848985642
 LQ_TIME:   6.0698002576828003E-002   3.4934997558593750E-002   3.1801015138626099E-002   2.5676995515823364E-002   3.3174991607666016E-002   3.2411992549896240E-002
 LQ_PERF:   18.120281941862171        31.483182964455121        34.585843099835003        42.834642367803966        33.153434762161183        33.933887844347325
 Provide M,N,K for ORGQR
 QR_TIME:   5.9921000152826309E-002   4.1914001107215881E-002   2.9320001602172852E-002   2.8894007205963135E-002   3.2924994826316833E-002   3.2245010137557983E-002
 QR_PERF:   18.355242355682250        26.240980363257378        37.512429055204791        38.065487841818296        33.405152705472325        34.109602549602307
 LQ_TIME:   6.0406982898712158E-002   3.4076988697052002E-002   3.1993985176086426E-002   2.5875002145767212E-002   3.3205002546310425E-002   3.2222002744674683E-002
 LQ_PERF:   18.207579111246236        32.275883581671913        34.377240407740224        42.506853286577311        33.123470430879742        34.133971395734370
 Provide M,N,K for ORGQR
 QR_TIME:   5.8939002454280853E-002   4.0347002446651459E-002   2.9472999274730682E-002   2.9400005936622620E-002   3.3852994441986084E-002   3.3455997705459595E-002
 QR_PERF:   18.661063713339363        27.260128715987964        37.317697793417068        37.410348908465188        32.489429609686049        32.874956821882975
 LQ_TIME:   6.1212986707687378E-002   3.2541990280151367E-002   3.1473994255065918E-002   2.6167988777160645E-002   3.3160001039505005E-002   3.3031016588211060E-002
 LQ_PERF:   17.967836224888444        33.798329805010439        34.945196694346173        42.030930591041809        33.168422361919752        33.297943375819301
 Provide M,N,K for ORGQR
 QR_TIME:   6.0740001499652863E-002   4.1896998882293701E-002   3.0487991869449615E-002   2.8930008411407471E-002   3.2937005162239075E-002   3.2246991991996765E-002
 QR_PERF:   18.107745354703127        26.251629217882218        36.075333682508465        38.018118223785564        33.392971661581107        34.107506221757689
 LQ_TIME:   6.3005983829498291E-002   3.4229010343551636E-002   3.1911998987197876E-002   2.6454001665115356E-002   3.3555984497070312E-002   3.2762020826339722E-002
 LQ_PERF:   17.456515288712350        32.132536376623648        34.465560131198060        41.576504527493910        32.777012401350540        33.571339381963284
m=1000:n=1000:k=450:nb=64
 Provide M,N,K for ORGQR
 QR_TIME:   6.1581999063491821E-002   4.5150995254516602E-002   3.0748993158340454E-002   3.0469998717308044E-002   3.5144001245498657E-002   3.4620001912117004E-002
 QR_PERF:   18.060422151176205        24.632832426628365        36.170189191977627        36.501376659665972        31.646848980875600        32.125847445742949
 LQ_TIME:   5.9275984764099121E-002   3.3391982316970825E-002   3.3342003822326660E-002   2.6659995317459106E-002   3.4955024719238281E-002   3.3933013677597046E-002
 LQ_PERF:   18.763034548075691        33.307317290796099        33.357243791545727        41.717837409807942        31.817953468300004        32.776262095879950
 Provide M,N,K for ORGQR
 QR_TIME:   6.4572997391223907E-002   4.2713001370429993E-002   3.1644999980926514E-002   3.1706005334854126E-002   3.6904007196426392E-002   3.5413995385169983E-002
 QR_PERF:   17.223869805231594        26.038837457345448        35.146054690167730        35.078430355821958        30.137564576122774        31.405575335499851
 LQ_TIME:   5.9167981147766113E-002   3.5032004117965698E-002   3.4238010644912720E-002   2.6535004377365112E-002   3.4528017044067383E-002   3.3982008695602417E-002
 LQ_PERF:   18.797284078738439        31.748036631156491        32.484286588223746        41.914345827232140        32.211445811687533        32.729005514730758
 Provide M,N,K for ORGQR
 QR_TIME:   6.0281001031398773E-002   4.3258003890514374E-002   3.3128008246421814E-002   3.1308993697166443E-002   3.6409005522727966E-002   3.5624012351036072E-002
 QR_PERF:   18.450206217058110        25.710777196630723        33.572706566810560        35.523240087421179        30.547302350945071        31.220427644154839
 LQ_TIME:   6.0487002134323120E-002   3.4413993358612061E-002   3.5826981067657471E-002   2.6818007230758667E-002   3.5578995943069458E-002   3.4386992454528809E-002
 LQ_PERF:   18.387377630819760        32.318171809075274        31.043568753383678        41.472035577810402        31.259942011282316        32.343548260892533
 Provide M,N,K for ORGQR
 QR_TIME:   6.1919998377561569E-002   4.2846001684665680E-002   3.1815990805625916E-002   3.1488001346588135E-002   3.6660000681877136E-002   3.5965994000434875E-002
 QR_PERF:   17.961836710949196        25.958009061976217        34.957166878591565        35.321292315700170        30.338158191846798        30.923569079907875
 LQ_TIME:   5.9020012617111206E-002   3.4648001194000244E-002   3.5804986953735352E-002   2.7785003185272217E-002   3.6350011825561523E-002   3.5585999488830566E-002
 LQ_PERF:   18.844410576719351        32.099899320962606        31.062638046401247        40.028692549854874        30.596891008929379        31.253789860506437
 Provide M,N,K for ORGQR
 QR_TIME:   6.2464997172355652E-002   4.2378999292850494E-002   3.1425006687641144E-002   3.1729996204376221E-002   3.6219999194145203E-002   3.5136997699737549E-002
 QR_PERF:   17.805122073906233        26.244057636057303        35.392097480043049        35.051907754297339        30.706706922836752        31.653156866282501
 LQ_TIME:   5.9805005788803101E-002   3.4877985715866089E-002   3.5452991724014282E-002   2.7406007051467896E-002   3.7360996007919312E-002   3.6751985549926758E-002
 LQ_PERF:   18.597061154506726        31.888233427828329        31.371043624694920        40.582247093176221        29.768942716737275        30.262238443936710
m=1000:n=1000:k=460:nb=64
 Provide M,N,K for ORGQR
 QR_TIME:   6.4897000789642334E-002   4.3663002550601959E-002   3.1964004039764404E-002   3.1961992383003235E-002   3.6075994372367859E-002   3.5393998026847839E-002
 QR_PERF:   17.321125881358242        25.744659192809056        35.167343822181714        35.169557220649637        31.158922700713905        31.759314648413863
 LQ_TIME:   6.2898010015487671E-002   3.4572988748550415E-002   3.4456998109817505E-002   2.7951002120971680E-002   3.6426007747650146E-002   3.5228997468948364E-002
 LQ_PERF:   17.871623915020685        32.513520545634954        32.622968966055225        40.216432138459673        30.859532776344818        31.908077457804414
 Provide M,N,K for ORGQR
 QR_TIME:   6.0557004064321518E-002   4.2524002492427826E-002   3.1202003359794617E-002   3.1520992517471313E-002   3.6445990204811096E-002   3.5450011491775513E-002
 QR_PERF:   18.562495575343060        26.434226651175759        36.026184185610546        35.661602957995214        30.842600617601363        31.709132739231730
 LQ_TIME:   6.3193023204803467E-002   3.4314006567001343E-002   3.3527016639709473E-002   2.8064996004104614E-002   3.6076009273529053E-002   3.4726977348327637E-002
 LQ_PERF:   17.788191211503154        32.758913704965018        33.527873716882574        40.053081776159793        31.158922581406646        32.369346998584469
 Provide M,N,K for ORGQR
 QR_TIME:   6.0626000165939331E-002   4.2185999453067780E-002   3.1155005097389221E-002   3.1736999750137329E-002   3.6118000745773315E-002   3.4931004047393799E-002
 QR_PERF:   18.541370318398993        26.646023196642691        36.080530768207076        35.418884231334310        31.122683891398552        32.180269381173666
 LQ_TIME:   6.2631994485855103E-002   3.5991996526718140E-002   3.3420979976654053E-002   2.7956008911132812E-002   4.0312975645065308E-002   3.7369012832641602E-002
 LQ_PERF:   17.947529680758706        31.231653936328549        33.634249527848176        40.209229563965344        27.884063679571103        30.080794080225601
 Provide M,N,K for ORGQR
 QR_TIME:   6.3576996326446533E-002   4.7401003539562225E-002   3.2974004745483398E-002   3.1399995088577271E-002   3.8378000259399414E-002   3.8287997245788574E-002
 QR_PERF:   17.680752236676607        23.714458261665353        34.090160678889681        35.799022160004178        29.289934660540105        29.358786065093607
 LQ_TIME:   6.8399995565414429E-002   3.6455988883972168E-002   3.8937002420425415E-002   3.1750023365020752E-002   4.1224986314773560E-002   3.7009000778198242E-002
 LQ_PERF:   16.434059252605877        30.834154124240602        28.869443206299046        35.404370166178154        27.267191101459908        30.373410693708699
 Provide M,N,K for ORGQR
 QR_TIME:   6.4619004726409912E-002   4.8270002007484436E-002   3.4295007586479187E-002   3.2562002539634705E-002   4.0518999099731445E-002   4.0010988712310791E-002
 QR_PERF:   17.395642733268261        23.287530003120903        32.777048296766445        34.521498443830367        27.742272636923314        28.094509937819517
 LQ_TIME:   6.4859002828598022E-002   3.3609986305236816E-002   3.5667002201080322E-002   2.8838992118835449E-002   3.7762999534606934E-002   3.6693006753921509E-002
 LQ_PERF:   17.331280639183056        33.445106754621143        31.516233791186195        38.978115995455667        29.766956911615480        30.634981415903308
m=1000:n=1000:k=470:nb=64
 Provide M,N,K for ORGQR
 QR_TIME:   6.3428997993469238E-002   4.4939003884792328E-002   3.3997997641563416E-002   3.4623011946678162E-002   3.9017006754875183E-002   3.8020998239517212E-002
 QR_PERF:   17.902681359035785        25.268676246388225        33.400471168094981        32.797526158291035        29.103953235933787        29.866368390605913
 LQ_TIME:   6.4114004373550415E-002   3.7799984216690063E-002   3.6933988332748413E-002   2.9912978410720825E-002   3.8898974657058716E-002   3.8038969039916992E-002
 LQ_PERF:   17.711412991518895        30.041007517104035        30.745382810259283        37.961770118919972        29.192276146382692        29.852270938478568
 Provide M,N,K for ORGQR
 QR_TIME:   6.1919994652271271E-002   4.4477999210357666E-002   3.2427005469799042E-002   3.2208994030952454E-002   3.8219004869461060E-002   3.7815004587173462E-002
 QR_PERF:   18.338973483072600        25.530580515311552        35.018624863698747        35.255653713020379        29.711635451486124        30.029062600858943
 LQ_TIME:   5.9630006551742554E-002   3.6673992872238159E-002   3.5343021154403687E-002   2.8312981128692627E-002   3.7781000137329102E-002   3.6598980426788330E-002
 LQ_PERF:   19.043258179330454        30.963348167622062        32.129387157908887        40.107030935333896        30.056102429062822        31.026809948204011
 Provide M,N,K for ORGQR
 QR_TIME:   6.1169002205133438E-002   4.4890999794006348E-002   3.2589003443717957E-002   3.1763002276420593E-002   3.7113994359970093E-002   3.8008004426956177E-002
 QR_PERF:   18.564127238693167        25.295697249131297        34.844549387989801        35.750686604426562        30.596252426679385        29.876578818609104
 LQ_TIME:   6.1477005481719971E-002   3.6586016416549683E-002   3.6681979894638062E-002   2.9247015714645386E-002   3.7762016057968140E-002   3.5874992609024048E-002
 LQ_PERF:   18.471127555776164        31.037804090809246        30.956606302649096        38.826170200721563        30.071212518336619        31.652957322543454
 Provide M,N,K for ORGQR
 QR_TIME:   6.1311997473239899E-002   4.4664993882179260E-002   3.2199002802371979E-002   3.2118991017341614E-002   3.6741003394126892E-002   3.5844996571540833E-002
 QR_PERF:   18.520830943334040        25.423694067784684        35.266593408798002        35.354446202463109        30.906862499610430        31.679432239130698
 LQ_TIME:   5.9377998113632202E-002   3.6708980798721313E-002   3.5425007343292236E-002   2.8239995241165161E-002   3.7157982587814331E-002   3.5847991704940796E-002
 LQ_PERF:   19.124080401412130        30.933836497022948        32.055028217658723        40.210687016856170        30.560044731071986        31.676798503707850
 Provide M,N,K for ORGQR
 QR_TIME:   6.2901005148887634E-002   4.5317001640796661E-002   3.2453000545501709E-002   3.2820999622344971E-002   3.7569999694824219E-002   3.8152992725372314E-002
 QR_PERF:   18.052956980769036        25.057905397203534        34.990574705345630        34.598249689717044        30.224890849717983        29.763042395487961
 LQ_TIME:   6.0130000114440918E-002   3.7660002708435059E-002   3.8091987371444702E-002   3.0483007431030273E-002   3.7266999483108521E-002   3.6039024591445923E-002
 LQ_PERF:   18.884909493410838        30.152669366262696        29.810721056031170        37.251889026017288        30.470647644028716        31.508888569351832
m=1000:n=1000:k=480:nb=64
 Provide M,N,K for ORGQR
 QR_TIME:   6.5309002995491028E-002   4.6843998134136200E-002   3.3828005194664001E-002   3.3825993537902832E-002   3.9147987961769104E-002   4.0235996246337891E-002
 QR_PERF:   17.556307819905946        24.476667356974801        33.894548419333375        33.896564153103860        29.288477382789754        28.496497339850439
 LQ_TIME:   6.5489023923873901E-002   3.9197981357574463E-002   3.7604004144668579E-002   3.0180990695953369E-002   4.0834009647369385E-002   3.7954986095428467E-002
 LQ_PERF:   17.508055110621591        29.251134887292821        30.491046527622526        37.990318195675826        28.079178358960533        30.209086024091622
 Provide M,N,K for ORGQR
 QR_TIME:   6.2738999724388123E-002   4.7524005174636841E-002   3.3307999372482300E-002   3.3511996269226074E-002   3.9588987827301025E-002   3.8775980472564697E-002
 QR_PERF:   18.275474027908281        24.126437908308340        34.423711468760906        34.214164706532394        28.962219620308193        29.569464034861664
 LQ_TIME:   6.3796013593673706E-002   3.5475999116897583E-002   3.6003023386001587E-002   2.8944015502929688E-002   3.8789987564086914E-002   3.7518024444580078E-002
 LQ_PERF:   17.972681605198296        32.320032375180368        31.846920957360663        39.613903602419768        29.558798855134146        30.560922569195611
 Provide M,N,K for ORGQR
 QR_TIME:   6.1738997697830200E-002   4.5938998460769653E-002   3.3907994627952576E-002   3.4816995263099670E-002   4.0417999029159546E-002   4.0013998746871948E-002
 QR_PERF:   18.571486463252000        24.958858451804183        33.814590705838881        32.931760806343704        28.368177236403930        28.654595789170735
 LQ_TIME:   6.4317017793655396E-002   3.4657001495361328E-002   3.7245988845825195E-002   3.0108004808425903E-002   3.9636999368667603E-002   3.7303984165191650E-002
 LQ_PERF:   17.827092724953829        33.083803864378311        30.784132077849712        38.082411880016750        28.927150345955727        30.736272965445846
 Provide M,N,K for ORGQR
 QR_TIME:   6.1592001467943192E-002   4.5565001666545868E-002   3.3596992492675781E-002   3.3376991748809814E-002   3.9064005017280579E-002   4.2049005627632141E-002
 QR_PERF:   18.615809401757524        25.163720356929790        34.127607113939085        34.352555455836907        29.351444110576733        27.267825787693102
 LQ_TIME:   6.7173004150390625E-002   3.7533015012741089E-002   3.6633998155593872E-002   2.9800981283187866E-002   4.1976988315582275E-002   3.8922011852264404E-002
 LQ_PERF:   17.069140415887329        30.548716632830484        31.298397601325444        38.474754542624495        27.314618937880688        29.458534783661086
 Provide M,N,K for ORGQR
 QR_TIME:   6.2666997313499451E-002   4.5799002051353455E-002   3.3911995589733124E-002   3.3094003796577454E-002   4.0855005383491516E-002   3.8717001676559448E-002
 QR_PERF:   18.296471973342939        25.035151611259096        33.810601235957030        34.646305326120093        28.064736480571025        29.614508106245747
 LQ_TIME:   6.4456999301910400E-002   3.5546004772186279E-002   3.6776006221771240E-002   2.8934001922607422E-002   3.8729012012481689E-002   3.7898004055023193E-002
 LQ_PERF:   17.788377560511371        32.256380072766149        31.177540951176645        39.627613320372454        29.605336682239024        30.254507291077925
m=1000:n=1000:k=490:nb=64
 Provide M,N,K for ORGQR
 QR_TIME:   6.2991000711917877E-002   4.6739995479583740E-002   3.5319998860359192E-002   3.5129994153976440E-002   4.0720999240875244E-002   3.9944991469383240E-002
 QR_PERF:   18.370950880624083        24.758337439409310        32.763437636991803        32.940642544029956        28.417882703585821        28.969954365542076
 LQ_TIME:   6.1522990465164185E-002   3.7199020385742188E-002   3.8367986679077148E-002   3.0464023351669312E-002   4.1128009557723999E-002   3.9380997419357300E-002
 LQ_PERF:   18.809311141259261        31.108482374001948        30.160693071524854        37.985956636177200        28.136666044483363        29.384859344146232
 Provide M,N,K for ORGQR
 QR_TIME:   6.2601998448371887E-002   4.9959994852542877E-002   3.5162001848220825E-002   3.4676000475883484E-002   4.1360989212989807E-002   3.9206981658935547E-002
 QR_PERF:   18.485106045845345        23.162624083839358        32.910656935721477        33.371916141390479        27.978164981522468        29.515268226118724
 LQ_TIME:   5.9965997934341431E-002   3.6844015121459961E-002   3.8558989763259888E-002   3.0870020389556885E-002   4.0690988302230835E-002   3.9523005485534668E-002
 LQ_PERF:   19.297687187113247        31.408223728742875        30.011291195772412        37.486372065742934        28.438853866239409        29.279278126344273
 Provide M,N,K for ORGQR
 QR_TIME:   6.2481001019477844E-002   4.7319002449512482E-002   3.4730002284049988E-002   3.4683004021644592E-002   4.0444001555442810E-002   3.9986982941627502E-002
 QR_PERF:   18.520903332506673        24.455388323849217        33.320026026357468        33.365177343860537        28.612514476680598        28.939532189494585
 LQ_TIME:   5.9821993112564087E-002   3.6644995212554932E-002   3.8204997777938843E-002   3.0690997838973999E-002   4.0060997009277344E-002   3.8918972015380859E-002
 LQ_PERF:   19.344141005508533        31.578802597401630        30.289363625306070        37.705032468200955        28.886077641353108        29.733700816729439
 Provide M,N,K for ORGQR
 QR_TIME:   6.2413997948169708E-002   4.6536006033420563E-002   3.4158989787101746E-002   3.3931002020835876E-002   4.1046991944313049E-002   3.9035007357597351E-002
 QR_PERF:   18.540786010230818        24.866865007042833        33.877014139245837        34.104639152401099        28.192189614526129        29.645301956751759
 LQ_TIME:   6.0283005237579346E-002   3.7018001079559326E-002   3.8495004177093506E-002   3.0508011579513550E-002   4.0381014347076416E-002   4.0405005216598511E-002
 LQ_PERF:   19.196207379499043        31.260603929232360        30.061175332683717        37.931186271643980        28.657157050434066        28.640141581385475
 Provide M,N,K for ORGQR
 QR_TIME:   6.3330002129077911E-002   4.7151997685432434E-002   3.5816997289657593E-002   3.4822002053260803E-002   4.0215000510215759E-002   3.9450004696846008E-002
 QR_PERF:   18.272612365327404        24.542005361472039        32.308810552752583        33.231994479525824        28.775446110115976        29.333445937270508
 LQ_TIME:   5.9909015893936157E-002   3.6552011966705322E-002   3.8102000951766968E-002   3.1751006841659546E-002   4.0488988161087036E-002   3.9122968912124634E-002
 LQ_PERF:   19.316042046972257        31.659134688784867        30.371241433354040        36.446248012572184        28.580735715005126        29.578661900614847
m=1000:n=1000:k=500:nb=64
 Provide M,N,K for ORGQR
 QR_TIME:   6.4361006021499634E-002   4.8836998641490936E-002   3.7883996963500977E-002   3.7427991628646851E-002   4.4333010911941528E-002   4.3561995029449463E-002
 QR_PERF:   18.138560475733204        23.904335493053555        30.815544651340176        31.190986991310442        26.332883239508217        26.798956273944412
 LQ_TIME:   6.8839013576507568E-002   4.1202992200851440E-002   4.1541010141372681E-002   3.5937011241912842E-002   4.4618993997573853E-002   4.1188001632690430E-002
 LQ_PERF:   16.958646548625151        28.333294201285604        28.102747045077606        32.485074847806438        26.164115221053123        28.343606237828137
 Provide M,N,K for ORGQR
 QR_TIME:   6.7719995975494385E-002   4.9954004585742950E-002   3.6198005080223083E-002   3.6400005221366882E-002   4.3002992868423462E-002   4.4008985161781311E-002
 QR_PERF:   17.238866942969828        23.369818089282568        32.250838061731258        32.071863531347084        27.147319805669117        26.526764834691487
 LQ_TIME:   6.6363990306854248E-002   3.6776989698410034E-002   4.1500002145767212E-002   3.1703978776931763E-002   4.2487978935241699E-002   4.1275978088378906E-002
 LQ_PERF:   17.591113713959814        31.743122794263677        28.130516617794211        36.822397220674013        27.476395188844464        28.283194101430190
 Provide M,N,K for ORGQR
 QR_TIME:   6.5191999077796936E-002   5.4781004786491394E-002   3.6072999238967896E-002   3.7643998861312866E-002   4.4748991727828979E-002   4.1979998350143433E-002
 QR_PERF:   17.907350848481620        21.310598528632255        32.362598747788560        31.012008163664188        26.088096176566921        27.808862455470088
 LQ_TIME:   6.5986007452011108E-002   3.6056995391845703E-002   3.9355009794235229E-002   3.3419996500015259E-002   4.4355005025863647E-002   4.4106006622314453E-002
 LQ_PERF:   17.691879613250030        32.376976709046907        29.663732930159366        34.931676309405567        26.319836945554915        26.468424357633221
 Provide M,N,K for ORGQR
 QR_TIME:   6.6205002367496490E-002   4.8563994467258453E-002   3.5750001668930054E-002   3.5270988941192627E-002   4.1552990674972534E-002   4.0258020162582397E-002
 QR_PERF:   17.633350324795785        24.038714541635670        32.654991482548347        33.098476539640963        28.094632444906967        28.998346050932941
 LQ_TIME:   6.4388006925582886E-002   3.4885019063949585E-002   3.7782996892929077E-002   3.0755996704101562E-002   4.0861994028091431E-002   3.9985001087188721E-002
 LQ_PERF:   18.130961894025603        33.464694339422508        30.897932826987500        37.957361981519377        28.569738892268330        29.196360341579251
 Provide M,N,K for ORGQR
 QR_TIME:   6.3391998410224915E-002   4.7074995934963226E-002   3.8151010870933533E-002   3.7536993622779846E-002   4.8920005559921265E-002   4.3411016464233398E-002
 QR_PERF:   18.415825802577945        24.799067462753502        30.599870707211853        31.100412881535014        23.863774883877568        26.892159988049144
 LQ_TIME:   8.2056015729904175E-002   4.4407993555068970E-002   4.0890008211135864E-002   3.2424002885818481E-002   4.2634010314941406E-002   4.1199028491973877E-002
 LQ_PERF:   14.227067809905268        26.288431576002711        28.550165457831071        36.004700101683042        27.382282158684710        28.336020113373021
m=1000:n=1000:k=510:nb=64
 Provide M,N,K for ORGQR
 QR_TIME:   6.5981999039649963E-002   4.8487000167369843E-002   3.8107007741928101E-002   3.7255004048347473E-002   4.5282006263732910E-002   4.4095993041992188E-002
 QR_PERF:   17.841642222639837        24.279233937682026        30.892670134914031        31.599170368422453        25.997682460082611        26.696920486152514
 LQ_TIME:   6.1266005039215088E-002   3.7155002355575562E-002   4.2950004339218140E-002   3.3147007226943970E-002   4.5171976089477539E-002   4.4117987155914307E-002
 LQ_PERF:   19.215023555828083        31.684232414625122        27.409257533533236        35.515355034619091        26.061019063414985        26.683622846156634
 Provide M,N,K for ORGQR
 QR_TIME:   6.4364999532699585E-002   4.8310995101928711E-002   3.7349000573158264E-002   3.7335008382797241E-002   4.4912993907928467E-002   4.4452011585235596E-002
 QR_PERF:   18.289866053707168        24.367687262831847        31.519644486713307        31.531457229896539        26.211283585621413        26.483103419126419
 LQ_TIME:   6.3603997230529785E-002   3.9709001779556274E-002   4.5551002025604248E-002   3.3913999795913696E-002   4.8217982053756714E-002   4.5554995536804199E-002
 LQ_PERF:   18.508706704913401        29.646369267486403        25.844167584684076        34.712146520147243        24.414703391932616        25.841901994017526
 Provide M,N,K for ORGQR
 QR_TIME:   6.3966996967792511E-002   4.8818998038768768E-002   3.8837000727653503E-002   3.6825999617576599E-002   4.4289991259574890E-002   4.3984994292259216E-002
 QR_PERF:   18.403665574495172        24.114120881078414        30.312001388968405        31.967284859203762        26.579983118544860        26.764291753180395
 LQ_TIME:   6.1484009027481079E-002   3.7182003259658813E-002   4.1877001523971558E-002   3.3152997493743896E-002   4.7361969947814941E-002   4.7910988330841064E-002
 LQ_PERF:   19.146892803847951        31.661223893152936        28.111557350306519        35.508937924003632        24.855970545505397        24.571142675472629
 Provide M,N,K for ORGQR
 QR_TIME:   6.3341997563838959E-002   4.8431001603603363E-002   3.7318006157875061E-002   3.7519991397857666E-002   4.5004993677139282E-002   4.5220986008644104E-002
 QR_PERF:   18.585255679907103        24.307306911290720        31.545823081214500        31.375999197782807        26.157702152905397        26.032763190412744
 LQ_TIME:   6.1169981956481934E-002   3.8239985704421997E-002   4.1132003068923950E-002   3.2332986593246460E-002   4.4044971466064453E-002   4.3062984943389893E-002
 LQ_PERF:   19.245186811359751        30.785255494064362        28.620724549381819        36.409495504071160        26.727857705777481        27.337346251022080
 Provide M,N,K for ORGQR
 QR_TIME:   6.3524000346660614E-002   4.8669993877410889E-002   3.7647008895874023E-002   3.6589995026588440E-002   4.6147003769874573E-002   4.3580994009971619E-002
 QR_PERF:   18.532007014288823        24.187946745281678        31.270139501813645        32.173473080402374        25.510371721435810        27.012399481541028
 LQ_TIME:   6.1590999364852905E-002   3.6882996559143066E-002   4.1762977838516235E-002   3.2718002796173096E-002   4.4428020715713501E-002   4.3484985828399658E-002
 LQ_PERF:   19.113632545988345        31.917898213944675        28.188309141937967        35.981038859061897        26.497415618239163        27.072050446229259
m=1000:n=1000:k=520:nb=64
 Provide M,N,K for ORGQR
 QR_TIME:   6.5400004386901855E-002   4.8575997352600098E-002   3.8662001490592957E-002   3.8612008094787598E-002   4.8537999391555786E-002   4.5673012733459473E-002
 QR_PERF:   18.144436703396590        24.428654164040196        30.692830020420146        30.732569958209204        24.447778130024087        25.981343664038128
 LQ_TIME:   6.5187007188796997E-002   3.8334012031555176E-002   4.2849987745285034E-002   3.4034997224807739E-002   4.6754986047744751E-002   4.5819997787475586E-002
 LQ_PERF:   18.203731252198619        30.955454363169583        27.693047826613949        34.865487197250779        25.380111519833047        25.898009980357472
 Provide M,N,K for ORGQR
 QR_TIME:   6.4223997294902802E-002   4.8757001757621765E-002   3.8294002413749695E-002   3.8057997822761536E-002   4.7423988580703735E-002   4.7450989484786987E-002
 QR_PERF:   18.476679901301928        24.337965773592749        30.987783078373845        31.179943977249813        25.022067428610011        25.007829191432233
 LQ_TIME:   6.8053990602493286E-002   3.7214010953903198E-002   4.2331993579864502E-002   3.3928990364074707E-002   4.6465992927551270E-002   4.4865965843200684E-002
 LQ_PERF:   17.436843151950665        31.887096541942043        28.031912972897089        34.974420024489334        25.537961963929039        26.448706445931400
 Provide M,N,K for ORGQR
 QR_TIME:   6.4014002680778503E-002   4.8363000154495239E-002   4.0435001254081726E-002   3.8908004760742188E-002   4.7405987977981567E-002   4.6413987874984741E-002
 QR_PERF:   18.537291690968022        24.536241263140575        29.347006385469410        30.498768757150842        25.031568597434482        25.566565044921603
 LQ_TIME:   6.6751003265380859E-002   3.7203997373580933E-002   4.3825000524520874E-002   3.4331023693084717E-002   4.9077004194259644E-002   4.5929968357086182E-002
 LQ_PERF:   17.777212355629594        31.895679060623042        27.076936584086287        34.564852205063310        24.179282730929156        25.836002123370097
 Provide M,N,K for ORGQR
 QR_TIME:   6.4158998429775238E-002   4.8402994871139526E-002   3.8459002971649170E-002   4.0352001786231995E-002   4.6447008848190308E-002   4.9024015665054321E-002
 QR_PERF:   18.495398448260300        24.515967310682722        30.854836275260702        29.407369832266433        25.548388785992508        24.205406756302796
 LQ_TIME:   6.5991997718811035E-002   3.6918997764587402E-002   4.5519024133682251E-002   3.4882962703704834E-002   4.7033011913299561E-002   4.7589957714080811E-002
 LQ_PERF:   17.981676582306978        32.141900697483948        26.069248684132685        34.017946528204988        25.230082270458443        24.934814338969197
 Provide M,N,K for ORGQR
 QR_TIME:   6.5535001456737518E-002   4.8367999494075775E-002   3.8272008299827576E-002   3.8207992911338806E-002   4.6717986464500427E-002   4.5628011226654053E-002
 QR_PERF:   18.107060557301679        24.533705185498590        31.005591102083507        31.057539262886657        25.400200860576394        26.006968265730787
 LQ_TIME:   6.5324991941452026E-002   3.6516010761260986E-002   4.4225007295608521E-002   3.4106016159057617E-002   4.6563982963562012E-002   4.5442998409271240E-002
 LQ_PERF:   18.165279852824785        32.496615464329054        26.832030847801178        34.792886816974644        25.484219443353755        26.112862300871004
m=1000:n=1000:k=530:nb=64
 Provide M,N,K for ORGQR
 QR_TIME:   6.5157994627952576E-002   5.0365999341011047E-002   4.0098994970321655E-002   3.9494991302490234E-002   4.8493012785911560E-002   4.7244012355804443E-002
 QR_PERF:   18.350488943486553        23.739845841327405        29.818230129831328        30.274245431334226        24.656769940831051        25.308626434924246
 LQ_TIME:   6.1132013797760010E-002   3.7962019443511963E-002   4.5023977756500244E-002   3.5188019275665283E-002   4.8206031322479248E-002   4.8126995563507080E-002
 LQ_PERF:   19.559008704598114        31.496785669666274        26.556551632699222        33.979792401298603        24.803568292136806        24.844301540124420
 Provide M,N,K for ORGQR
 QR_TIME:   6.5572999417781830E-002   5.0583004951477051E-002   3.9346992969512939E-002   4.0892988443374634E-002   5.0378993153572083E-002   4.7460973262786865E-002
 QR_PERF:   18.234350580518967        23.637999781685281        30.388117865231642        29.239268283258003        23.733722830767235        25.192931745828904
 LQ_TIME:   6.2312990427017212E-002   3.8521021604537964E-002   4.5321017503738403E-002   3.5415977239608765E-002   4.8480987548828125E-002   4.7320008277893066E-002
 LQ_PERF:   19.188319831968538        31.039716502719724        26.382496595566760        33.761078563794797        24.662896744744668        25.267991987199160
 Provide M,N,K for ORGQR
 QR_TIME:   6.4817994832992554E-002   5.3993001580238342E-002   3.9593994617462158E-002   3.9134010672569275E-002   4.7660991549491882E-002   4.6424001455307007E-002
 QR_PERF:   18.446745584783113        22.145111866453895        30.198545803526180        30.553501658804031        25.087204884488965        25.755665658228487
 LQ_TIME:   6.1587005853652954E-002   3.8074016571044922E-002   4.4358015060424805E-002   3.4626007080078125E-002   4.9465000629425049E-002   4.8666000366210938E-002
 LQ_PERF:   19.414510795365768        31.404135882771801        26.955254611173064        34.531315933563953        24.172274836457390        24.569136173149911
 Provide M,N,K for ORGQR
 QR_TIME:   6.5374001860618591E-002   5.0079993903636932E-002   4.0196001529693604E-002   3.9521992206573486E-002   4.8554003238677979E-002   4.7394990921020508E-002
 QR_PERF:   18.289855691399556        23.875423433571278        29.746268646067350        30.253562465940892        24.625797673620532        25.228004832673037
 LQ_TIME:   6.1913996934890747E-002   3.8390994071960449E-002   4.5585006475448608E-002   3.7995994091033936E-002   5.0249993801116943E-002   4.6721994876861572E-002
 LQ_PERF:   19.311975469091234        31.144845787499090        26.229711969964860        31.468622379908982        23.794661442792510        25.591407069652860
 Provide M,N,K for ORGQR
 QR_TIME:   6.4827002584934235E-002   5.0051003694534302E-002   3.9848998188972473E-002   3.9916008710861206E-002   4.8034980893135071E-002   4.7049999237060547E-002
 QR_PERF:   18.444182398121175        23.889252397361442        30.005297857924173        29.954925319841745        24.891881661409819        25.412987872233177
 LQ_TIME:   6.2799990177154541E-002   3.7712991237640381E-002   4.5019000768661499E-002   3.5465985536575317E-002   4.8180997371673584E-002   4.7375977039337158E-002
 LQ_PERF:   19.039518742392520        31.704766733183988        26.559487540477232        33.713474246103182        24.816455765254897        25.238141030995589
m=1000:n=1000:k=540:nb=64
 Provide M,N,K for ORGQR
 QR_TIME:   6.5611995756626129E-002   5.3732991218566895E-002   4.0683999657630920E-002   3.9963990449905396E-002   4.8445001244544983E-002   4.7237992286682129E-002
 QR_PERF:   18.355480062933069        22.413412182864903        29.602293042348585        30.135621254079521        24.859937022617196        25.495149596769402
 LQ_TIME:   6.6879987716674805E-002   3.8663983345031738E-002   4.4420003890991211E-002   3.5332024097442627E-002   4.8606991767883301E-002   4.7205984592437744E-002
 LQ_PERF:   18.007482673321853        31.148891443818499        27.112564486835883        34.086363596903908        24.777098441952102        25.512447847405596
 Provide M,N,K for ORGQR
 QR_TIME:   6.5882995724678040E-002   5.2008002996444702E-002   4.0721997618675232E-002   3.9749011397361755E-002   4.8227995634078979E-002   4.7123998403549194E-002
 QR_PERF:   18.279977507897172        23.156814540299294        29.574670950024469        30.298607126614854        24.971796239215603        25.556822867333217
 LQ_TIME:   6.7128002643585205E-002   3.7881016731262207E-002   4.3870002031326294E-002   3.5087019205093384E-002   4.8381984233856201E-002   4.7016978263854980E-002
 LQ_PERF:   17.940951206226416        31.792711070663785        27.452476959996847        34.324381132529282        24.892327982638637        25.615006843726810
 Provide M,N,K for ORGQR
 QR_TIME:   6.5849997103214264E-002   5.1524996757507324E-002   4.1938990354537964E-002   3.9875999093055725E-002   4.8347011208534241E-002   4.7109007835388184E-002
 QR_PERF:   18.289137934392009        23.373891427261945        28.716468131896402        30.202119254479868        24.910323304275099        25.564955309784782
 LQ_TIME:   6.6574990749359131E-002   3.7463992834091187E-002   4.6029984951019287E-002   3.5137981176376343E-002   4.9670994281768799E-002   4.6997010707855225E-002
 LQ_PERF:   18.089979532015079        32.146606084765317        26.164254046173244        34.274599156814716        24.246348143710101        25.625889856835148
 Provide M,N,K for ORGQR
 QR_TIME:   6.6095001995563507E-002   5.1545001566410065E-002   4.0537998080253601E-002   4.0304005146026611E-002   4.9051001667976379E-002   4.7655999660491943E-002
 QR_PERF:   18.221342667949973        23.364819932119719        29.708908605100653        29.881389594818728        24.552805020213679        25.271522758516987
 LQ_TIME:   6.6900998353958130E-002   3.7708014249801636E-002   4.5111000537872314E-002   3.5696029663085938E-002   5.0536036491394043E-002   4.7757029533386230E-002
 LQ_PERF:   18.001827321441557        31.938574437298445        26.697262433559036        33.738772389172318        23.831315307149016        25.218072224489248
 Provide M,N,K for ORGQR
 QR_TIME:   6.6207006573677063E-002   5.2749007940292358E-002   4.0634989738464355E-002   4.0453001856803894E-002   4.8767000436782837E-002   4.7407001256942749E-002
 QR_PERF:   18.190517021182284        22.831513369184417        29.637996410270866        29.771330302337972        24.695791605251546        25.404257769280960
 LQ_TIME:   6.8482995033264160E-002   3.7312000989913940E-002   4.3983012437820435E-002   3.9618998765945435E-002   4.9356997013092041E-002   4.7361969947814941E-002
 LQ_PERF:   17.585974728690200        32.277556497855834        27.381940282116808        30.398047843530875        24.400597542037382        25.428423296729079
m=1000:n=1000:k=550:nb=64
 Provide M,N,K for ORGQR
 QR_TIME:   6.5757006406784058E-002   5.3220003843307495E-002   4.1181996464729309E-002   4.0805995464324951E-002   4.9394994974136353E-002   4.7883987426757812E-002
 QR_PERF:   18.441078240369755        22.785231349668351        29.445636542622889        29.716959142931678        24.549655296755141        25.324334191149173
 LQ_TIME:   6.3429981470108032E-002   4.0039002895355225E-002   4.6258002519607544E-002   3.5745978355407715E-002   4.8942983150482178E-002   4.7506988048553467E-002
 LQ_PERF:   19.117625796114467        30.286234978660588        26.214505252058775        33.923554642799452        24.776394325445882        25.525311113402047
 Provide M,N,K for ORGQR
 QR_TIME:   6.6362001001834869E-002   5.3056009113788605E-002   4.0921002626419067E-002   4.0597990155220032E-002   5.1008000969886780E-002   4.8054009675979614E-002
 QR_PERF:   18.272958646416818        22.855659900828318        29.633440584789390        29.869215085862614        23.773331182217699        25.234732921905330
 LQ_TIME:   6.3217014074325562E-002   3.8825005292892456E-002   4.6431005001068115E-002   3.6030977964401245E-002   4.9589991569519043E-002   4.9771010875701904E-002
 LQ_PERF:   19.182029834156431        31.233238498025180        26.116829691110588        33.655224434876125        24.453132812092569        24.364195716828480
 Provide M,N,K for ORGQR
 QR_TIME:   6.6112995147705078E-002   5.1890999078750610E-002   4.3432995676994324E-002   4.1046991944313049E-002   5.0554990768432617E-002   4.8060983419418335E-002
 QR_PERF:   18.341781328932772        23.368794618112734        27.919559337287627        29.542483932686977        23.986357856427233        25.231071312412109
 LQ_TIME:   6.2794983386993408E-002   3.9144992828369141E-002   4.6086996793746948E-002   3.5917967557907104E-002   4.9470007419586182E-002   4.8256993293762207E-002
 LQ_PERF:   19.310947859111458        30.977924949859307        26.311774130713783        33.761115465260986        24.512441239697385        25.128599343481000
 Provide M,N,K for ORGQR
 QR_TIME:   6.5791003406047821E-002   5.2195005118846893E-002   4.0748998522758484E-002   4.0738999843597412E-002   4.9569994211196899E-002   4.7952979803085327E-002
 QR_PERF:   18.431548953827466        23.232684760521963        29.758525214374068        29.765828926960719        24.462986516268149        25.287898791265075
 LQ_TIME:   6.5316975116729736E-002   4.0489971637725830E-002   4.5832991600036621E-002   3.5605013370513916E-002   5.1556050777435303E-002   4.7986030578613281E-002
 LQ_PERF:   18.565321615596481        29.948913297586813        26.457593267794266        34.057862508885698        23.520627195338552        25.270493003446152
 Provide M,N,K for ORGQR
 QR_TIME:   6.6242992877960205E-002   5.2242003381252289E-002   4.1096001863479614E-002   4.0943995118141174E-002   5.1074013113975525E-002   4.8221021890640259E-002
 QR_PERF:   18.305786730289110        23.211784034208147        29.507252409330267        29.616799643049891        23.742604625446685        25.147333101942671
 LQ_TIME:   6.3731998205184937E-002   4.0603995323181152E-002   4.6135991811752319E-002   3.5989999771118164E-002   4.9306988716125488E-002   5.1711022853851318E-002
 LQ_PERF:   19.027030128506876        29.864811094284097        26.283831828041553        33.693544254288419        24.593484241786967        23.450138540620380
m=1000:n=1000:k=560:nb=64
 Provide M,N,K for ORGQR
 QR_TIME:   6.8621993064880371E-002   5.4650992155075073E-002   4.1795998811721802E-002   4.1493996977806091E-002   5.0281003117561340E-002   4.9011975526809692E-002
 QR_PERF:   17.786722091356204        22.333726651047719        29.202803012275197        29.415347011589208        24.274780619356861        24.903307954447786
 LQ_TIME:   7.0026993751525879E-002   3.9819985628128052E-002   4.6951025724411011E-002   3.6535978317260742E-002   5.0189018249511719E-002   5.0314962863922119E-002
 LQ_PERF:   17.429862608851522        30.651966864041757        25.996468898556991        33.407094491934508        24.319281838350655        24.258407649053279
 Provide M,N,K for ORGQR
 QR_TIME:   6.7235998809337616E-002   5.4083995521068573E-002   4.2463004589080811E-002   4.1528999805450439E-002   5.2935987710952759E-002   4.9102008342742920E-002
 QR_PERF:   18.153375299163262        22.567865192661799        28.744087513625029        29.390554208334404        23.057288109265958        24.857645566760080
 LQ_TIME:   6.8300992250442505E-002   4.1810005903244019E-002   4.7069996595382690E-002   3.6191970109939575E-002   4.9998998641967773E-002   4.8521995544433594E-002
 LQ_PERF:   17.870324277640233        29.193032950643456        25.930762020062062        33.724632184772709        24.411706497167625        25.154795599498417
 Provide M,N,K for ORGQR
 QR_TIME:   6.7767001688480377E-002   5.4150007665157318E-002   4.1884988546371460E-002   4.1474997997283936E-002   5.0383999943733215E-002   4.8842996358871460E-002
 QR_PERF:   18.011130632735096        22.540353596022968        29.140758117880360        29.428821674203107        24.225157219813269        24.989464426629244
 LQ_TIME:   7.0097982883453369E-002   3.9642006158828735E-002   4.6424001455307007E-002   3.6352008581161499E-002   5.0050973892211914E-002   5.0139963626861572E-002
 LQ_PERF:   17.412211162043487        30.789584036431691        26.291591455662218        33.576160648039803        24.386356250101318        24.343074699521853
 Provide M,N,K for ORGQR
 QR_TIME:   6.6953003406524658E-002   5.3107008337974548E-002   4.3733000755310059E-002   4.3747991323471069E-002   4.9976006150245667E-002   4.8734992742538452E-002
 QR_PERF:   18.230105565078425        22.983036668763539        27.909365900344710        27.899802552652556        24.422926400532312        25.044844603713894
 LQ_TIME:   6.7414999008178711E-002   4.0118992328643799E-002   4.7338992357254028E-002   3.6956042051315308E-002   5.0025999546051025E-002   4.8592984676361084E-002
 LQ_PERF:   18.105182792510654        30.423517869080548        25.783414881093606        33.027370147084213        24.398530585609240        25.118047144648092
 Provide M,N,K for ORGQR
 QR_TIME:   6.6472999751567841E-002   5.3750000894069672E-002   4.1694998741149902E-002   4.1484996676445007E-002   5.0348997116088867E-002   4.8678010702133179E-002
 QR_PERF:   18.361745739798838        22.708098599020982        29.273542555486316        29.421728764245717        24.241998647674627        25.074161872981229
 LQ_TIME:   6.7817986011505127E-002   3.9429992437362671E-002   4.7612994909286499E-002   3.6318004131317139E-002   5.0189018249511719E-002   4.8720002174377441E-002
 LQ_PERF:   17.997598451138543        30.955138577288526        25.635036870195709        33.607597917185821        24.319281838350655        25.052562100292981
m=1000:n=1000:k=570:nb=64
 Provide M,N,K for ORGQR
 QR_TIME:   6.7086994647979736E-002   5.4568991065025330E-002   4.3134003877639771E-002   4.3565005064010620E-002   5.1890999078750610E-002   5.0120979547500610E-002
 QR_PERF:   18.306653121731163        22.506158095108074        28.472625529591852        28.190937615994319        23.667656468439883        24.503478405406458
 LQ_TIME:   6.3252002000808716E-002   3.9971977472305298E-002   4.9011975526809692E-002   3.6956012248992920E-002   5.1158964633941650E-002   5.0409018993377686E-002
 LQ_PERF:   19.416601390487173        30.724997552370773        25.057935265804669        33.232452184650086        24.006328485881546        24.363475713767464
 Provide M,N,K for ORGQR
 QR_TIME:   6.6618993878364563E-002   5.4963000118732452E-002   4.2338997125625610E-002   4.2526006698608398E-002   5.1272988319396973E-002   4.9763023853302002E-002
 QR_PERF:   18.435258002280559        22.344819921528025        29.007260997608071        28.879700572501417        23.952930778083509        24.679736979418053
 LQ_TIME:   6.3149988651275635E-002   4.0618002414703369E-002   4.8209011554718018E-002   3.7021994590759277E-002   5.2802979946136475E-002   4.9959003925323486E-002
 LQ_PERF:   19.447967232139661        30.236319784042955        25.475297468110131        33.173223743772695        23.258893934637893        24.582934276187089
 Provide M,N,K for ORGQR
 QR_TIME:   6.7065998911857605E-002   5.7508006691932678E-002   4.2465001344680786E-002   4.2273998260498047E-002   5.0931990146636963E-002   5.0230979919433594E-002
 QR_PERF:   18.312384217434790        21.355953903585487        28.921189240792007        29.051861440501721        24.113299646530578        24.449818458047883
 LQ_TIME:   6.3573002815246582E-002   4.1940003633499146E-002   4.7899007797241211E-002   3.6772996187210083E-002   5.0939977169036865E-002   5.1307022571563721E-002
 LQ_PERF:   19.318560640735662        29.283233276094347        25.640174326757887        33.397847261277981        24.109530044047734        23.937052833010831
 Provide M,N,K for ORGQR
 QR_TIME:   6.7589998245239258E-002   5.7093001902103424E-002   4.3474003672599792E-002   4.2227998375892639E-002   5.0857007503509521E-002   4.9532026052474976E-002
 QR_PERF:   18.170415326005791        21.511188746142157        28.249947928629688        29.083508270217386        24.148851855179426        24.794833522434388
 LQ_TIME:   6.3091993331909180E-002   4.3094992637634277E-002   5.0109982490539551E-002   3.8254976272583008E-002   5.2309036254882812E-002   4.9145996570587158E-002
 LQ_PERF:   19.465844160908148        28.498413268725862        24.508867274736424        32.104030107063380        23.478522984360254        24.989602321646991
 Provide M,N,K for ORGQR
 QR_TIME:   6.7923992872238159E-002   5.4457001388072968E-002   4.2419999837875366E-002   4.2266994714736938E-002   5.2378997206687927E-002   5.5548012256622314E-002
 QR_PERF:   18.081068089004582        22.552441535442011        28.951870454828178        29.056675268464108        23.447152589686983        22.109492133151605
 LQ_TIME:   6.5369009971618652E-002   4.2769998311996460E-002   4.8983991146087646E-002   3.7603974342346191E-002   5.1283001899719238E-002   5.3355038166046143E-002
 LQ_PERF:   18.787785076341567        28.714962788659314        25.072250775508550        32.659816720941144        23.948264814948825        23.018236931588550
m=1000:n=1000:k=580:nb=64
 Provide M,N,K for ORGQR
 QR_TIME:   6.7565001547336578E-002   5.7155005633831024E-002   4.4195994734764099E-002   4.4845998287200928E-002   5.5104002356529236E-002   5.0907999277114868E-002
 QR_PERF:   18.284202348970396        21.614417605249297        27.952129314294389        27.546987628382794        22.418918901879394        24.266759203702353
 LQ_TIME:   7.2109013795852661E-002   4.4209003448486328E-002   4.8839002847671509E-002   3.9447009563446045E-002   5.4232954978942871E-002   5.3963005542755127E-002
 LQ_PERF:   17.132015471705873        27.943917384147639        25.294798582459158        31.317272302049741        22.779004767113658        22.892956527805122
 Provide M,N,K for ORGQR
 QR_TIME:   7.2297997772693634E-002   5.8110006153583527E-002   4.6993002295494080E-002   4.7727003693580627E-002   5.7787999510765076E-002   5.3582012653350830E-002
 QR_PERF:   17.087225069275569        21.259198574767609        26.288428056414126        25.884134020467744        21.377659210540209        23.055725211224296
 LQ_TIME:   7.5218975543975830E-002   4.1804999113082886E-002   5.1586985588073730E-002   4.0561020374298096E-002   5.4365038871765137E-002   5.3250014781951904E-002
 LQ_PERF:   16.423684729363998        29.550837608160354        23.947372111728949        30.457141575826988        22.723661486087881        23.199481635049356
 Provide M,N,K for ORGQR
 QR_TIME:   6.8585999310016632E-002   6.0103997588157654E-002   4.6599999070167542E-002   4.5873001217842102E-002   5.5280014872550964E-002   5.6650996208190918E-002
 QR_PERF:   18.012016627708160        20.553910048795267        26.510132717810770        26.930266762653137        22.347536679361827        21.806715551127112
 LQ_TIME:   6.8982005119323730E-002   4.1682988405227661E-002   4.9241006374359131E-002   4.1067004203796387E-002   5.5342018604278564E-002   5.2184998989105225E-002
 LQ_PERF:   17.908623239685138        29.637336171536734        25.088291872184108        30.081881158640677        22.322509571497484        23.672947474003237
 Provide M,N,K for ORGQR
 QR_TIME:   6.8246006965637207E-002   6.0938000679016113E-002   5.0570994615554810E-002   4.9463003873825073E-002   5.5599004030227661E-002   5.5978000164031982E-002
 QR_PERF:   18.101750049963020        20.272607342455824        24.428472672752608        24.975680068911799        22.219321758504197        22.068886998106340
 LQ_TIME:   7.3027014732360840E-002   4.1779011487960815E-002   5.1358997821807861E-002   3.8457989692687988E-002   5.3236007690429688E-002   5.2034020423889160E-002
 LQ_PERF:   16.916653987946230        29.569218993034081        24.053676909471172        32.122655132826175        23.205585722801764        23.741635375013850
 Provide M,N,K for ORGQR
 QR_TIME:   6.9523997604846954E-002   6.0633994638919830E-002   4.6577006578445435E-002   4.5662999153137207E-002   5.4922997951507568E-002   5.3227007389068604E-002
 QR_PERF:   17.769003546393805        20.374249913051873        26.523219303915003        27.054117839632212        22.492802761617831        23.209498722517175
 LQ_TIME:   6.8966001272201538E-002   4.1886001825332642E-002   5.4960012435913086E-002   4.2098045349121094E-002   5.6912958621978760E-002   5.5562973022460938E-002
 LQ_PERF:   17.912779010111286        29.493689685436792        22.477664855708031        29.345133004513514        21.706352470716947        22.233740795342420
m=1000:n=1000:k=590:nb=64
 Provide M,N,K for ORGQR
 QR_TIME:   6.9816000759601593E-002   6.2049999833106995E-002   4.7207012772560120E-002   4.6360000967979431E-002   5.8946996927261353E-002   5.2881002426147461E-002
 QR_PERF:   17.793482389195059        20.020463873348511        26.315365176465694        26.796155178211233        21.074352295383591        23.491797110596167
 LQ_TIME:   6.5302997827529907E-002   4.2584002017974854E-002   5.3315997123718262E-002   4.0239989757537842E-002   5.4453969001770020E-002   5.4241955280303955E-002
 LQ_PERF:   19.023175219014117        29.172231615892589        23.300143240636512        30.871537927449275        22.813219913494642        22.902389185278619
 Provide M,N,K for ORGQR
 QR_TIME:   7.1898996829986572E-002   5.9085004031658173E-002   4.8671007156372070E-002   4.7130003571510315E-002   5.7014003396034241E-002   5.5687993764877319E-002
 QR_PERF:   17.277984878391131        21.025128124462555        25.523814948163864        26.358363799296235        21.788853720214448        22.307677041572742
 LQ_TIME:   6.7883014678955078E-002   4.4318974018096924E-002   5.3635984659194946E-002   4.0059030055999756E-002   5.4675042629241943E-002   5.3372025489807129E-002
 LQ_PERF:   18.300165009983349        28.030214993080371        23.161136649087961        31.010994731110355        22.720976706392072        23.275683442766208
 Provide M,N,K for ORGQR
 QR_TIME:   6.8045996129512787E-002   5.9552997350692749E-002   4.6563997864723206E-002   4.6992003917694092E-002   5.4960012435913086E-002   5.2383989095687866E-002
 QR_PERF:   18.256324407913322        20.859903535746199        26.678761209658525        26.435769416767581        22.603156821490284        23.714684609657965
 LQ_TIME:   6.5331012010574341E-002   4.4095993041992188E-002   5.1095992326736450E-002   4.1036009788513184E-002   5.5251955986022949E-002   5.3937971591949463E-002
 LQ_PERF:   19.015018010113305        28.171955869482240        24.312481535855607        30.272689191816514        22.483735604116099        23.031462499146247
 Provide M,N,K for ORGQR
 QR_TIME:   7.1327999234199524E-002   5.9964001178741455E-002   4.6938002109527588E-002   4.7014996409416199E-002   5.4967001080513000E-002   5.3161978721618652E-002
 QR_PERF:   17.416299256076297        20.716926081984194        26.466183564891036        26.422841111845688        22.600282998528211        23.367636229364482
 LQ_TIME:   6.7239999771118164E-002   4.3252021074295044E-002   5.1238983869552612E-002   3.9937973022460938E-002   5.5504024028778076E-002   5.3287029266357422E-002
 LQ_PERF:   18.475169158664936        28.721672170327530        24.244633210577494        31.104992967503694        22.381627129519465        23.312809648112676
 Provide M,N,K for ORGQR
 QR_TIME:   7.0408999919891357E-002   6.0400992631912231E-002   4.7098010778427124E-002   4.7564998269081116E-002   5.7062983512878418E-002   5.5519998073577881E-002
 QR_PERF:   17.643622000218812        20.567042458564821        26.376268540178170        26.117309475600628        21.770151217551298        22.375176929107269
 LQ_TIME:   6.7054003477096558E-002   4.4447988271713257E-002   5.4467022418975830E-002   4.1341006755828857E-002   5.6631982326507568E-002   5.5787980556488037E-002
 LQ_PERF:   18.526416106151192        27.948854791940761        22.807752559780166        30.049349725254245        21.935844711170102        22.267706369871924
m=1000:n=1000:k=600:nb=64
 Provide M,N,K for ORGQR
 QR_TIME:   6.9242998957633972E-002   6.3657999038696289E-002   4.8067003488540649E-002   4.7918006777763367E-002   5.7348996400833130E-002   5.3723990917205811E-002
 QR_PERF:   18.035602426233687        19.617946194646461        25.981215997742147        26.062002240450685        21.776129982666230        23.245465920887924
 LQ_TIME:   7.0526003837585449E-002   4.3809026479721069E-002   5.3005963563919067E-002   4.1449010372161865E-002   5.7555973529815674E-002   5.6087970733642578E-002
 LQ_PERF:   17.707508323822758        28.506449477440004        23.560364080431128        30.129544439950013        21.697831231245956        22.265733341123060
 Provide M,N,K for ORGQR
 QR_TIME:   7.0119999349117279E-002   6.2251001596450806E-002   4.7385007143020630E-002   4.7093003988265991E-002   5.6270986795425415E-002   5.4221004247665405E-002
 QR_PERF:   17.810028687852824        20.061351110392440        26.355154832638711        26.518571639880292        22.193305486896584        23.032387860167148
 LQ_TIME:   6.9597005844116211E-002   4.4997006654739380E-002   5.1229983568191528E-002   3.9602994918823242E-002   5.5245995521545410E-002   5.3564012050628662E-002
 LQ_PERF:   17.943872510796783        27.753841707345305        24.377126694520339        31.533973694661874        22.605073692860948        23.314904022118387
 Provide M,N,K for ORGQR
 QR_TIME:   7.1450002491474152E-002   6.0053996741771698E-002   4.6780988574028015E-002   4.8785999417304993E-002   5.5139988660812378E-002   5.4177016019821167E-002
 QR_PERF:   17.478504638946919        20.795272051083092        26.695442701553631        25.598311296601651        22.648521160969004        23.051088667251452
 LQ_TIME:   7.0645004510879517E-002   4.4752001762390137E-002   5.2465021610260010E-002   4.1299998760223389E-002   5.6454002857208252E-002   5.4886996746063232E-002
 LQ_PERF:   17.677680235800331        27.905786351875165        23.803283819781711        30.238252723696817        22.121368491066061        22.752926449552426
 Provide M,N,K for ORGQR
 QR_TIME:   6.8055003881454468E-002   6.1667002737522125E-002   4.6198993921279907E-002   4.6364009380340576E-002   5.5131003260612488E-002   5.3494989871978760E-002
 QR_PERF:   18.350439038624735        20.251336120802364        27.031740174427632        26.935530742290311        22.652212478277431        23.344974977818534
 LQ_TIME:   7.1123987436294556E-002   4.4200003147125244E-002   5.1633983850479126E-002   4.0332019329071045E-002   5.5669009685516357E-002   5.4113984107971191E-002
 LQ_PERF:   17.558630287968324        28.254292105886968        24.186392504912472        30.963979011580133        22.433303682873238        23.077949638826190
 Provide M,N,K for ORGQR
 QR_TIME:   6.9581001996994019E-002   6.1583004891872406E-002   5.1777005195617676E-002   4.6608999371528625E-002   5.5640995502471924E-002   5.5382996797561646E-002
 QR_PERF:   17.947991034304899        20.278958491757830        24.119571908065858        26.793950027660550        22.444587641220739        22.549144542770261
 LQ_TIME:   7.1590989828109741E-002   4.4259995222091675E-002   5.1310002803802490E-002   3.9770960807800293E-002   5.5954992771148682E-002   5.3487002849578857E-002
 LQ_PERF:   17.444091819354217        28.215994912187913        24.339109954354765        31.400795319862240        22.318648223361446        23.348472216925369
m=1000:n=1000:k=610:nb=64
 Provide M,N,K for ORGQR
 QR_TIME:   6.9991998374462128E-002   6.1539001762866974E-002   4.9520999193191528E-002   4.7876000404357910E-002   5.8152005076408386E-002   5.5829972028732300E-002
 QR_PERF:   17.931884346053224        20.395007784434494        25.344569787528798        26.215398308120903        21.582891567554483        22.480548966674785
 LQ_TIME:   6.6763997077941895E-002   4.5125007629394531E-002   5.7972013950347900E-002   4.3736994266510010E-002   5.8544993400573730E-002   5.5760979652404785E-002
 LQ_PERF:   18.798889894725431        27.813602610505317        21.649912509076596        28.696279912427318        21.438024963338716        22.508374813782027
 Provide M,N,K for ORGQR
 QR_TIME:   7.3666997253894806E-002   6.3450999557971954E-002   4.7861993312835693E-002   4.8735007643699646E-002   5.9982985258102417E-002   5.4941982030868530E-002
 QR_PERF:   17.037322909664855        19.780435749531250        26.223070397350305        25.753323548770492        20.924073961965146        22.843886834931489
 LQ_TIME:   6.5315008163452148E-002   4.5816987752914429E-002   5.3819000720977783E-002   4.2927980422973633E-002   5.7388961315155029E-002   5.6419014930725098E-002
 LQ_PERF:   19.215936203500334        27.393530032322204        23.320556182507982        29.237085407547333        21.869868372553409        22.245851536774953
 Provide M,N,K for ORGQR
 QR_TIME:   7.3375001549720764E-002   6.6227003931999207E-002   4.8116996884346008E-002   4.8384010791778564E-002   5.8133989572525024E-002   5.4771006107330322E-002
 QR_PERF:   17.105122909599125        18.951309065539249        26.084097123033882        25.940148397397127        21.589580024164952        22.915197459409537
 LQ_TIME:   6.6668003797531128E-002   4.7542959451675415E-002   5.4053962230682373E-002   4.1972994804382324E-002   5.7384967803955078E-002   5.5384993553161621E-002
 LQ_PERF:   18.825957858460416        26.399051394260031        23.219186498183852        29.902298748264645        21.871390331484982        22.661174976851722
 Provide M,N,K for ORGQR
 QR_TIME:   6.8783998489379883E-002   6.2825001776218414E-002   4.8837006092071533E-002   4.8651009798049927E-002   5.9540003538131714E-002   5.5307000875473022E-002
 QR_PERF:   18.246808088567040        19.977530991094973        25.699536487429313        25.797787655587523        21.079750510867758        22.693120222264550
 LQ_TIME:   6.6238015890121460E-002   4.5064002275466919E-002   5.3429007530212402E-002   4.1313052177429199E-002   5.6366026401519775E-002   5.4684996604919434E-002
 LQ_PERF:   18.948167651669955        27.851255250874090        23.490779410234921        30.379963809251066        22.266764399169347        22.951250030563099
 Provide M,N,K for ORGQR
 QR_TIME:   6.8663999438285828E-002   6.3995994627475739E-002   4.9797996878623962E-002   5.3602010011672974E-002   5.7532012462615967E-002   5.5586993694305420E-002
 QR_PERF:   18.278696700853473        19.611983957838923        25.203592487045455        23.414950665594031        21.815479178927568        22.578814513737175
 LQ_TIME:   6.5744996070861816E-002   4.7265976667404175E-002   5.5054008960723877E-002   4.2105019092559814E-002   5.6948006153106689E-002   5.8264017105102539E-002
 LQ_PERF:   19.090259411487828        26.553752159437369        22.797413915767589        29.808537249227399        22.039209355734943        21.541409129685363
m=1000:n=1000:k=620:nb=64
 Provide M,N,K for ORGQR
 QR_TIME:   7.2749003767967224E-002   6.5015994012355804E-002   5.2472010254859924E-002   5.0008982419967651E-002   5.7325005531311035E-002   5.7049006223678589E-002
 QR_PERF:   17.333920393219920        19.395618865111118        24.032344746753903        25.215978789772294        21.997825003457262        22.104249021547414
 LQ_TIME:   7.1578025817871094E-002   4.4614017009735107E-002   5.4979979991912842E-002   4.5966029167175293E-002   5.8036029338836670E-002   5.5501997470855713E-002
 LQ_PERF:   17.617502656592627        28.265243627912604        22.936095287511701        27.433869813155592        21.728331079261892        22.720372553477358
 Provide M,N,K for ORGQR
 QR_TIME:   7.0990994572639465E-002   6.5308995544910431E-002   4.9094006419181824E-002   4.9477010965347290E-002   5.7716995477676392E-002   5.5537015199661255E-002
 QR_PERF:   17.763174718022753        19.308602581903777        25.685934637986616        25.487098258283968        21.848424880115864        22.706035523632018
 LQ_TIME:   7.0522993803024292E-002   4.3089985847473145E-002   5.3919017314910889E-002   4.2731046676635742E-002   5.8346986770629883E-002   5.6213021278381348E-002
 LQ_PERF:   17.881062501715888        29.264944863609141        23.387408057440112        29.510769290130611        21.612530994227150        22.432988501989144
 Provide M,N,K for ORGQR
 QR_TIME:   7.1218997240066528E-002   6.4871005713939667E-002   5.1086992025375366E-002   4.8589989542961121E-002   5.8117002248764038E-002   5.7363003492355347E-002
 QR_PERF:   17.706307149331352        19.438968551847609        24.683885075356113        25.952371092507786        21.698046891722083        21.983253372847781
 LQ_TIME:   7.3879003524780273E-002   4.6786963939666748E-002   5.6712985038757324E-002   4.4263005256652832E-002   6.0330986976623535E-002   5.8405995368957520E-002
 LQ_PERF:   17.068801687031826        26.952508857512797        22.235226361973751        28.489390918852365        20.901797288491398        21.590695476276885
 Provide M,N,K for ORGQR
 QR_TIME:   7.1920998394489288E-002   6.5379001200199127E-002   5.2182003855705261E-002   5.0329998135566711E-002   6.0122013092041016E-002   5.8393985033035278E-002
 QR_PERF:   17.533480737895619        19.287927573848574        24.165906765232950        25.055145772176587        20.974438065962481        21.595125581626238
 LQ_TIME:   7.3845982551574707E-002   4.4607996940612793E-002   5.7401001453399658E-002   4.3155014514923096E-002   5.6809008121490479E-002   5.5025994777679443E-002
 LQ_PERF:   17.076434173237356        28.269058161899093        21.968711835519965        29.220846619433630        22.197642622155936        22.916915270589858
 Provide M,N,K for ORGQR
 QR_TIME:   7.1043998003005981E-002   6.5122999250888824E-002   4.9250006675720215E-002   4.8666015267372131E-002   5.8950006961822510E-002   5.6391984224319458E-002
 QR_PERF:   17.749922237577955        19.363749435769250        25.604573991289900        25.911828471509306        21.391438355837195        22.361785231458008
 LQ_TIME:   7.0643007755279541E-002   4.4189959764480591E-002   5.3490996360778809E-002   4.1226983070373535E-002   5.7765007019042969E-002   5.5049002170562744E-002
 LQ_PERF:   17.850684732570102        28.536483552392795        23.574547976164109        30.587396071341349        21.830276235996759        22.907337286384617
m=1000:n=1000:k=630:nb=64
 Provide M,N,K for ORGQR
 QR_TIME:   6.9411002099514008E-002   6.2989003956317902E-002   5.0114005804061890E-002   5.0173014402389526E-002   5.9806972742080688E-002   5.7781994342803955E-002
 QR_PERF:   18.248666950291280        20.109196533388779        25.275534048354473        25.245807434278344        21.179106748346896        21.921331625995474
 LQ_TIME:   6.8874001502990723E-002   4.6666026115417480E-002   5.7010054588317871E-002   4.3220996856689453E-002   6.0176968574523926E-002   5.7138025760650635E-002
 LQ_PERF:   18.390958305871013        27.143063068349040        22.218166587399750        29.306563525129686        21.048898274617365        22.168404895646791
 Provide M,N,K for ORGQR
 QR_TIME:   6.9090001285076141E-002   6.4169004559516907E-002   5.1271006464958191E-002   5.0562992691993713E-002   6.0050994157791138E-002   5.8409005403518677E-002
 QR_PERF:   18.333452546535209        19.739409527931375        24.705156916818346        25.051093548119162        21.093043966461316        21.686009738554699
 LQ_TIME:   6.7214012145996094E-002   4.6930015087127686E-002   5.5631995201110840E-002   4.2828977108001709E-002   6.0104012489318848E-002   6.0865044593811035E-002
 LQ_PERF:   18.845161143612138        26.990378921643021        22.768532486045149        29.574810689638230        21.074448069920447        20.810941624263563
 Provide M,N,K for ORGQR
 QR_TIME:   7.0499002933502197E-002   6.3804998993873596E-002   5.1705002784729004E-002   4.9884989857673645E-002   5.9958010911941528E-002   5.7491987943649292E-002
 QR_PERF:   17.967037933781398        19.852022254896070        24.497789223098266        25.391570963808746        21.125755186580516        22.031909233013714
 LQ_TIME:   6.6917002201080322E-002   4.5587986707687378E-002   5.5911004543304443E-002   4.3106019496917725E-002   5.9922993183135986E-002   5.7980000972747803E-002
 LQ_PERF:   18.928805062034755        27.784927159031717        22.654912040060765        29.384733380231776        21.138111144228912        21.846479281629620
 Provide M,N,K for ORGQR
 QR_TIME:   6.9086000323295593E-002   6.3138000667095184E-002   4.9979001283645630E-002   4.9727007746696472E-002   5.8746010065078735E-002   5.7284981012344360E-002
 QR_PERF:   18.334514287591297        20.061741686732375        25.343808949109235        25.472239682150356        21.561604925965153        22.111524480160817
 LQ_TIME:   7.0178002119064331E-002   4.7288000583648682E-002   6.1291992664337158E-002   4.5059978961944580E-002   6.2681972980499268E-002   5.9994995594024658E-002
 LQ_PERF:   18.049229840584239        26.786053002164511        20.665976662511209        28.110507798278316        20.207706135766738        21.112742445574174
 Provide M,N,K for ORGQR
 QR_TIME:   7.3054000735282898E-002   6.5249994397163391E-002   5.0381004810333252E-002   5.0743013620376587E-002   5.8997988700866699E-002   5.7992994785308838E-002
 QR_PERF:   17.338656983206697        19.412388793324791        25.141583911804112        24.962219813672146        21.469515959641392        21.841573532961917
 LQ_TIME:   6.6783994436264038E-002   4.7286033630371094E-002   5.7242989540100098E-002   4.3757975101470947E-002   5.9134006500244141E-002   5.6953966617584229E-002
 LQ_PERF:   18.966503886029884        26.787167219422788        22.127755733523927        28.946926521684972        21.420143246927985        22.240046922542632
m=1000:n=1000:k=640:nb=64
 Provide M,N,K for ORGQR
 QR_TIME:   7.2180002927780151E-002   6.7212000489234924E-002   5.2608996629714966E-002   5.3822979331016541E-002   6.2227994203567505E-002   6.0254991054534912E-002
 QR_PERF:   17.622538492727646        18.925115615383749        24.178276748991319        23.632933290019270        20.440878679761095        21.110199466277525
 LQ_TIME:   7.1316003799438477E-002   4.7365993261337280E-002   5.9653997421264648E-002   4.4476985931396484E-002   6.1462998390197754E-002   6.0606002807617188E-002
 LQ_PERF:   17.836045939663482        26.854615145129291        21.322888238610751        28.598959514972286        20.695305359571595        20.987946095665144
 Provide M,N,K for ORGQR
 QR_TIME:   6.9101996719837189E-002   6.4608000218868256E-002   5.1407992839813232E-002   5.1585003733634949E-002   6.1122983694076538E-002   5.9694021940231323E-002
 QR_PERF:   18.407498196573052        19.687885024934172        24.743134476452383        24.658229871768366        20.810418653094477        21.308580635990413
 LQ_TIME:   7.6434999704360962E-002   4.7069996595382690E-002   6.0773968696594238E-002   4.7886013984680176E-002   6.2651038169860840E-002   5.9251010417938232E-002
 LQ_PERF:   16.641532346698327        27.023488676537866        20.929940026629893        26.562986019403084        20.302864200770919        21.467912716217640
 Provide M,N,K for ORGQR
 QR_TIME:   7.3036998510360718E-002   6.7885994911193848E-002   5.4416999220848083E-002   5.3390994668006897E-002   6.2564998865127563E-002   6.2079995870590210E-002
 QR_PERF:   17.415760586322016        18.737220860708906        23.374954485044022        23.824146523387554        20.330774443743874        20.489609610341407
 LQ_TIME:   7.5471997261047363E-002   4.8880040645599365E-002   5.7429015636444092E-002   4.4364988803863525E-002   6.1563968658447266E-002   5.9862971305847168E-002
 LQ_PERF:   16.853873836150655        26.022799964969277        22.149004399664474        28.671156114193096        20.661363257085409        21.248452795655947
 Provide M,N,K for ORGQR
 QR_TIME:   7.0854000747203827E-002   6.6142000257968903E-002   5.2616998553276062E-002   5.1408991217613220E-002   6.1107993125915527E-002   6.1074972152709961E-002
 QR_PERF:   17.952336728850103        19.231273246030202        24.174599748635842        24.742653957469646        20.815523713550899        20.826777895527215
 LQ_TIME:   7.1653008460998535E-002   4.7137022018432617E-002   5.7165026664733887E-002   4.4378995895385742E-002   6.1541020870208740E-002   5.9266030788421631E-002
 LQ_PERF:   17.752157897073648        26.985063237609594        22.251288842391400        28.662106799317069        20.669067591235841        21.462471892895863
 Provide M,N,K for ORGQR
 QR_TIME:   7.3702998459339142E-002   6.6440001130104065E-002   5.4434999823570251E-002   5.0903007388114929E-002   6.1296015977859497E-002   6.0777008533477783E-002
 QR_PERF:   17.258387129279967        19.145015929622812        23.367224839215094        24.988599795323513        20.751673003665566        20.928882659621976
 LQ_TIME:   7.0941984653472900E-002   4.6949982643127441E-002   5.8435976505279541E-002   4.3540000915527344E-002   6.2260985374450684E-002   5.8934032917022705E-002
 LQ_PERF:   17.930080843005154        27.092566352336984        21.767335741965027        29.214411879958821        20.430057641233123        21.583378177952465
m=1000:n=1000:k=650:nb=64
 Provide M,N,K for ORGQR
 QR_TIME:   7.3693998157978058E-002   6.7236997187137604E-002   5.4903998970985413E-002   5.3248986601829529E-002   6.3449025154113770E-002   6.4969003200531006E-002
 QR_PERF:   17.329000080337586        18.993163785194998        23.259568044849821        23.982490212426374        20.127075189857376        19.656193524446167
 LQ_TIME:   6.6267997026443481E-002   4.9057036638259888E-002   5.9770047664642334E-002   4.4396996498107910E-002   6.3113987445831299E-002   6.0979008674621582E-002
 LQ_PERF:   19.270900092097399        26.031820050949129        21.365951674745777        28.764196921618879        20.233929144407892        20.942353405811982
 Provide M,N,K for ORGQR
 QR_TIME:   7.4596002697944641E-002   6.7956008017063141E-002   5.4179996252059937E-002   5.4864004254341125E-002   6.5575003623962402E-002   6.3535988330841064E-002
 QR_PERF:   17.119460209832212        18.792205976539201        23.570383690298730        23.276523785610369        19.474544101029114        20.099526796533816
 LQ_TIME:   6.7726999521255493E-002   4.7836989164352417E-002   5.8750987052917480E-002   4.6048998832702637E-002   6.2735974788665771E-002   6.1006009578704834E-002
 LQ_PERF:   18.855758545736421        26.695742610649887        21.736553104201572        27.732284791674580        20.355847730140276        20.933084442319814
 Provide M,N,K for ORGQR
 QR_TIME:   6.9623999297618866E-002   6.6041007637977600E-002   5.3736001253128052E-002   5.2496984601020813E-002   6.3340991735458374E-002   6.1426013708114624E-002
 QR_PERF:   18.341998633848579        19.337126214070999        23.765134550752624        24.326031479818891        20.161403618900227        20.789942614024735
 LQ_TIME:   7.0591002702713013E-002   4.9381017684936523E-002   6.2000989913940430E-002   4.6140968799591064E-002   6.4234972000122070E-002   6.2395036220550537E-002
 LQ_PERF:   18.090746711420763        25.861029396920607        20.597154203063241        27.677007727053141        19.880820528692265        20.467076026464269
 Provide M,N,K for ORGQR
 QR_TIME:   7.3085002601146698E-002   6.9178000092506409E-002   5.4581999778747559E-002   5.4148018360137939E-002   6.5665990114212036E-002   6.1229974031448364E-002
 QR_PERF:   17.473397476214402        18.460251789475095        23.396784749122340        23.584303519777905        19.447560263370040        20.856505660840174
 LQ_TIME:   6.9079011678695679E-002   4.7399014234542847E-002   6.3162028789520264E-002   5.2503943443298340E-002   6.5521001815795898E-002   6.2744021415710449E-002
 LQ_PERF:   18.486714256131240        26.942415799637708        20.218539120324849        24.322819701707626        19.490604761970047        20.353237187953678
 Provide M,N,K for ORGQR
 QR_TIME:   7.2481997311115265E-002   6.9165997207164764E-002   5.5492997169494629E-002   5.4269984364509583E-002   6.5669000148773193E-002   6.1702996492385864E-002
 QR_PERF:   17.618765312420035        18.463455333044969        23.012692864641494        23.531300311837484        19.446668856033391        20.696617224377210
 LQ_TIME:   6.6671013832092285E-002   4.7796994447708130E-002   5.9372007846832275E-002   4.5345008373260498E-002   6.3397943973541260E-002   6.0286998748779297E-002
 LQ_PERF:   19.154410239150899        26.718080598083173        21.509192569240945        28.162834142358655        20.143302289628920        21.182742158413678
m=1000:n=1000:k=660:nb=64
 Provide M,N,K for ORGQR
 QR_TIME:   7.2964996099472046E-002   6.9985002279281616E-002   5.7235002517700195E-002   5.4911002516746521E-002   6.5676003694534302E-002   6.2754005193710327E-002
 QR_PERF:   17.567485623551960        18.315517300189729        22.395587728044454        23.343436856922775        19.517197269825282        20.425971474542198
 LQ_TIME:   7.3137015104293823E-002   4.8345029354095459E-002   5.9367001056671143E-002   4.5265972614288330E-002   6.4206004142761230E-002   6.1685979366302490E-002
 LQ_PERF:   17.526175742503685        26.513836006005313        21.591324425776449        28.317345369386636        19.964054719086818        20.779635715733193
 Provide M,N,K for ORGQR
 QR_TIME:   7.3985993862152100E-002   6.7952990531921387E-002   5.3944990038871765E-002   5.3001016378402710E-002   6.4267992973327637E-002   6.2094002962112427E-002
 QR_PERF:   17.325056447686880        18.863209845015728        23.761456236739505        24.184659230843035        19.944788388396923        20.643080794486970
 LQ_TIME:   7.2192013263702393E-002   4.8879027366638184E-002   5.8972001075744629E-002   4.6411991119384766E-002   6.3618957996368408E-002   6.1046004295349121E-002
 LQ_PERF:   17.755595419091680        26.224175255886660        21.735945136974731        27.618125167326191        20.148273727984829        20.997478783351866
 Provide M,N,K for ORGQR
 QR_TIME:   7.1229994297027588E-002   6.7940004169940948E-002   5.3415998816490173E-002   5.3705990314483643E-002   6.4040005207061768E-002   6.1074018478393555E-002
 QR_PERF:   17.995389900704929        18.866815444899817        23.996771536626010        23.867198286339317        20.015793500570375        20.987836594598281
 LQ_TIME:   7.4427008628845215E-002   5.1601976156234741E-002   5.7803034782409668E-002   4.6800017356872559E-002   6.3130974769592285E-002   6.1719000339508057E-002
 LQ_PERF:   17.222406269102908        24.840369991239701        22.175516991887676        27.389138987397544        20.304013753600376        20.768518170238025
 Provide M,N,K for ORGQR
 QR_TIME:   7.5778000056743622E-002   7.0037007331848145E-002   5.3795993328094482E-002   5.3385019302368164E-002   6.5137982368469238E-002   6.2044024467468262E-002
 QR_PERF:   16.915351672519222        18.301917355299643        23.827267435743867        24.010696947395104        19.678403803622800        20.659709472458484
 LQ_TIME:   7.2236984968185425E-002   4.8060029745101929E-002   6.0104012489318848E-002   4.7680974006652832E-002   6.4361989498138428E-002   6.2897026538848877E-002
 LQ_PERF:   17.744541533184631        26.671065057562448        21.326565846627833        26.883095547107558        19.915670568838994        20.379535417437864
 Provide M,N,K for ORGQR
 QR_TIME:   7.2113007307052612E-002   6.9650992751121521E-002   5.3531989455223083E-002   5.5653005838394165E-002   6.4049005508422852E-002   6.2123984098434448E-002
 QR_PERF:   17.775039037577894        18.403348888079709        23.944776441984718        23.032206449407944        20.012980839045714        20.633118409936337
 LQ_TIME:   7.1406006813049316E-002   4.8210024833679199E-002   5.9060990810394287E-002   4.6007990837097168E-002   6.4336001873016357E-002   6.3971042633056641E-002
 LQ_PERF:   17.951041336843822        26.588083794234734        21.703194653727529        27.860642394460942        19.923715224486376        20.037381403216827
m=1000:n=1000:k=670:nb=64
 Provide M,N,K for ORGQR
 QR_TIME:   7.4216999113559723E-002   6.9144994020462036E-002   5.6130006909370422E-002   5.4807007312774658E-002   6.5586984157562256E-002   6.3380002975463867E-002
 QR_PERF:   17.331710462071037        18.603046514391828        22.916575479438645        23.469764233964693        19.612237954254027        20.295163767946885
 LQ_TIME:   6.7855983972549438E-002   4.9175024032592773E-002   6.1236023902893066E-002   4.6298980712890625E-002   6.4436972141265869E-002   6.1779975891113281E-002
 LQ_PERF:   18.956444733309961        26.157754577759764        21.005743482623942        27.782646403743925        19.962269598577858        20.820794949274632
 Provide M,N,K for ORGQR
 QR_TIME:   7.1589998900890350E-002   7.1817003190517426E-002   5.4239004850387573E-002   5.4425001144409180E-002   6.4680993556976318E-002   6.2314003705978394E-002
 QR_PERF:   17.967698837106735        17.910905257180676        23.715544626014808        23.634497252227181        19.886947761043821        20.642351052731215
 LQ_TIME:   6.7802011966705322E-002   4.7662973403930664E-002   6.0227990150451660E-002   4.5786976814270020E-002   6.3762009143829346E-002   6.1791002750396729E-002
 LQ_PERF:   18.971534511861552        26.987577948586836        21.357315872350320        28.093320404572065        20.173583412317619        20.817079392545402
 Provide M,N,K for ORGQR
 QR_TIME:   7.4198000133037567E-002   6.9394007325172424E-002   5.4750993847846985E-002   5.4193004965782166E-002   6.5257996320724487E-002   6.4821988344192505E-002
 QR_PERF:   17.336148382620031        18.536291382806432        23.493775173737461        23.735674757511294        19.711109940890069        19.843691513594894
 LQ_TIME:   7.1477979421615601E-002   4.7737002372741699E-002   6.2618970870971680E-002   4.8514962196350098E-002   6.6188037395477295E-002   6.4601004123687744E-002
 LQ_PERF:   17.995866984608810        26.945726502812306        20.541829290846664        26.513639334480864        19.434149441752368        19.911582295798084
 Provide M,N,K for ORGQR
 QR_TIME:   7.4613004922866821E-002   7.0163995027542114E-002   5.4857000708580017E-002   5.6335002183914185E-002   6.5661013126373291E-002   6.1442017555236816E-002
 QR_PERF:   17.239723039297971        18.332872002158286        23.448375291848805        22.833185233589827        19.590126297995603        20.935307647467798
 LQ_TIME:   6.7690998315811157E-002   4.8562973737716675E-002   6.0920000076293945E-002   4.5507013797760010E-002   6.5172016620635986E-002   6.3003957271575928E-002
 LQ_PERF:   19.002647944395083        26.487426757414205        21.114711234226451        28.266152899343087        19.737124562027208        20.416308208314952
 Provide M,N,K for ORGQR
 QR_TIME:   7.2441995143890381E-002   6.9253996014595032E-002   5.8092996478080750E-002   5.7059019804000854E-002   6.7074000835418701E-002   6.4438015222549438E-002
 QR_PERF:   17.756379258260733        18.573766338752716        22.142213657120283        22.543456659762089        19.177438709169113        19.961936064565030
 LQ_TIME:   7.1520984172821045E-002   4.9612045288085938E-002   6.5388023853302002E-002   4.9654006958007812E-002   6.6359996795654297E-002   6.4419031143188477E-002
 LQ_PERF:   17.985046275255463        25.927336849966551        19.671923606161151        25.905426143912727        19.383789513447297        19.967829182976022
m=1000:n=1000:k=680:nb=64
 Provide M,N,K for ORGQR
 QR_TIME:   7.2403997182846069E-002   7.0825003087520599E-002   5.6300997734069824E-002   5.5932015180587769E-002   6.6000998020172119E-002   6.3481003046035767E-002
 QR_PERF:   17.824145215918463        18.221522114234730        22.922140138540502        23.073357107431828        19.553330990624833        20.329536366401047
 LQ_TIME:   7.2321981191635132E-002   4.9075007438659668E-002   6.1480998992919922E-002   4.6864986419677734E-002   6.5051019191741943E-002   6.3556015491485596E-002
 LQ_PERF:   17.844367904971961        26.297296879946167        20.990876224191101        27.537403477367189        19.838890397643922        20.305552983775225
 Provide M,N,K for ORGQR
 QR_TIME:   7.5818002223968506E-002   7.1694009006023407E-002   5.8269992470741272E-002   5.5629014968872070E-002   6.4879000186920166E-002   6.3181996345520020E-002
 QR_PERF:   17.021542669875558        18.000658324066862        22.147580689117298        23.199033107491434        19.891480390910477        20.425745222460144
 LQ_TIME:   7.9456001520156860E-002   5.1607012748718262E-002   6.1374008655548096E-002   5.0147950649261475E-002   6.5316975116729736E-002   6.3377976417541504E-002
 LQ_PERF:   16.242197131863072        25.007067281414237        21.027468602270243        25.734651631651580        19.758110930483856        20.362594594339388
 Provide M,N,K for ORGQR
 QR_TIME:   7.0352002978324890E-002   7.1329995989799500E-002   5.6557998061180115E-002   5.8520987629890442E-002   7.0187002420425415E-002   6.4392983913421631E-002
 QR_PERF:   18.344031518158889        18.092519732996376        22.817981616039397        22.052590229028159        18.387155961862739        20.041614498485892
 LQ_TIME:   7.2377979755401611E-002   4.8713982105255127E-002   6.1931967735290527E-002   4.8006951808929443E-002   6.8135976791381836E-002   6.4262032508850098E-002
 LQ_PERF:   17.830561786351684        26.492189392596995        20.838027390248975        26.882357478900698        18.940655154197973        20.082465331644592
 Provide M,N,K for ORGQR
 QR_TIME:   7.1921996772289276E-002   7.0932999253273010E-002   5.7581007480621338E-002   5.7022005319595337E-002   6.8015992641448975E-002   6.6567987203598022E-002
 QR_PERF:   17.943597479446368        18.193779673576277        22.412587352423898        22.632304016086788        18.974057569124479        19.386786565333399
 LQ_TIME:   7.6549023389816284E-002   5.0236999988555908E-002   6.3247025012969971E-002   4.7105967998504639E-002   6.5657973289489746E-002   6.3013970851898193E-002
 LQ_PERF:   16.859000714197055        25.689034781017725        20.404754843968561        27.396529459727216        19.655496131596010        20.480220855041139
 Provide M,N,K for ORGQR
 QR_TIME:   7.0872999727725983E-002   7.0907995104789734E-002   5.6048989295959473E-002   5.6756004691123962E-002   6.6054999828338623E-002   6.4247995615005493E-002
 QR_PERF:   18.209182128002016        18.200195310737612        23.025203062725588        22.738375737040322        19.537345596151805        20.086842362107664
 LQ_TIME:   7.3105961084365845E-002   5.4699003696441650E-002   6.5766990184783936E-002   4.7008991241455078E-002   6.5687954425811768E-002   6.4715027809143066E-002
 LQ_PERF:   17.653006962191345        23.593483478456001        19.622914723237301        27.453046872912505        19.646525017878897        19.941891144759268
m=1000:n=1000:k=690:nb=64
 Provide M,N,K for ORGQR
 QR_TIME:   7.0868000388145447E-002   7.0911996066570282E-002   5.6562989950180054E-002   5.6150004267692566E-002   6.7350000143051147E-002   6.4001977443695068E-002
 QR_PERF:   18.266565627785681        18.255232567205471        22.886254441998062        23.054583822085913        19.220712357096584        20.226171623194507
 LQ_TIME:   6.8040996789932251E-002   5.0664007663726807E-002   6.3543975353240967E-002   4.7954976558685303E-002   6.8040966987609863E-002   6.8203985691070557E-002
 LQ_PERF:   19.025524772904916        25.550992305861662        20.371965442888758        26.994396888419406        19.025533106190700        18.980058964053789
 Provide M,N,K for ORGQR
 QR_TIME:   7.4352003633975983E-002   7.3607005178928375E-002   5.6309998035430908E-002   5.8344006538391113E-002   6.6720992326736450E-002   6.5205991268157959E-002
 QR_PERF:   17.410626704462565        17.586844850611900        22.989078763339258        22.187625718645023        19.401914372926100        19.852699956302182
 LQ_TIME:   6.8772017955780029E-002   4.9365043640136719E-002   6.3713014125823975E-002   4.7529995441436768E-002   6.6628038883209229E-002   6.4815998077392578E-002
 LQ_PERF:   18.823290467241566        26.223326762087204        20.317916013885625        27.235762553249437        19.428992533745845        19.972162867172127
 Provide M,N,K for ORGQR
 QR_TIME:   7.1387000381946564E-002   7.0487998425960541E-002   5.8377996087074280E-002   5.8757990598678589E-002   6.6540986299514771E-002   6.5232992172241211E-002
 QR_PERF:   18.133763473375705        18.365040984384564        22.174707368665985        22.031301050467039        19.454400242477920        19.844482629004084
 LQ_TIME:   6.7024976015090942E-002   5.0011992454528809E-002   6.4920008182525635E-002   4.8385024070739746E-002   6.6579997539520264E-002   6.5201997756958008E-002
 LQ_PERF:   19.313929626898108        25.884105120926368        19.940164923584248        26.754469897698005        19.443011682774650        19.853926482825539
 Provide M,N,K for ORGQR
 QR_TIME:   7.0849999785423279E-002   7.1354992687702179E-002   5.7049989700317383E-002   5.7082995772361755E-002   6.6958010196685791E-002   6.4334005117416382E-002
 QR_PERF:   18.271206547926262        18.141897731889276        22.690888934425143        22.677768790592690        19.333235503824373        20.121784391277565
 LQ_TIME:   6.7690014839172363E-002   4.9158036708831787E-002   6.3527047634124756E-002   4.7188997268676758E-002   6.6603004932403564E-002   6.5123021602630615E-002
 LQ_PERF:   19.124174711376497        26.333754492018308        20.377393853647725        27.432574221264016        19.436295273971862        19.878003786416887
 Provide M,N,K for ORGQR
 QR_TIME:   7.3554001748561859E-002   7.3217995464801788E-002   5.9854000806808472E-002   5.7478994131088257E-002   6.9527000188827515E-002   6.8553984165191650E-002
 QR_PERF:   17.599518030646248        17.680284358813324        21.627877210386028        22.521531553730597        18.618881535004284        18.883147285512418
 LQ_TIME:   7.2503000497817993E-002   5.0257980823516846E-002   6.3906967639923096E-002   4.6970009803771973E-002   6.7158997058868408E-002   6.5258979797363281E-002
 LQ_PERF:   17.854649616038429        25.757415017243726        20.256252452687299        27.560472637926566        19.275387166149738        19.836590673339082
m=1000:n=1000:k=700:nb=64
 Provide M,N,K for ORGQR
 QR_TIME:   7.1502998471260071E-002   7.3300004005432129E-002   5.8534994721412659E-002   5.8719992637634277E-002   6.8592011928558350E-002   6.5866976976394653E-002
 QR_PERF:   18.156474941702143        17.711355103115540        22.178910345490994        22.109035469598176        18.927020268076951        19.710065037071050
 LQ_TIME:   7.3262035846710205E-002   4.7222018241882324E-002   6.5711021423339844E-002   4.7874987125396729E-002   6.7249000072479248E-002   6.5764009952545166E-002
 LQ_PERF:   17.720543593906925        27.492325578929989        19.756854662722958        27.117356639691039        19.305017154170127        19.740935823968197
 Provide M,N,K for ORGQR
 QR_TIME:   7.2579994797706604E-002   7.3117002844810486E-002   6.2676995992660522E-002   6.0413002967834473E-002   7.1033000946044922E-002   6.8957984447479248E-002
 QR_PERF:   17.887055567011725        17.755684033650777        20.713219889351816        21.489453200848494        18.276609219792302        18.826571141863720
 LQ_TIME:   7.2999030351638794E-002   4.9470007419586182E-002   6.3419997692108154E-002   4.8684954643249512E-002   6.7501962184906006E-002   6.5391004085540771E-002
 LQ_PERF:   17.784388282232232        26.243034269002337        20.470563658843378        26.666207445671514        19.232672028759154        19.853542825274751
 Provide M,N,K for ORGQR
 QR_TIME:   7.5336992740631104E-002   7.4252001941204071E-002   5.9940993785858154E-002   5.7559996843338013E-002   6.8123012781143188E-002   6.6729009151458740E-002
 QR_PERF:   17.232469106771575        17.484274713939755        21.658673271885153        22.554594704607918        19.057325080011147        19.455442490586112
 LQ_TIME:   7.2941005229949951E-002   4.8866987228393555E-002   6.3531041145324707E-002   4.8669040203094482E-002   6.8015038967132568E-002   6.6222012042999268E-002
 LQ_PERF:   17.798535897705655        26.566874154371277        20.434783951207741        26.674927111413528        19.087588858507601        19.604404335480247
 Provide M,N,K for ORGQR
 QR_TIME:   7.3047004640102386E-002   7.3066003620624542E-002   5.7888001203536987E-002   5.7930007576942444E-002   6.7517012357711792E-002   6.6985994577407837E-002
 QR_PERF:   17.772698639682105        17.768077295437870        22.426796106421389        22.410533923643609        19.228374518732902        19.380803527516097
 LQ_TIME:   7.3591977357864380E-002   5.1416993141174316E-002   6.5410017967224121E-002   5.0536990165710449E-002   7.1778953075408936E-002   6.7508995532989502E-002
 LQ_PERF:   17.641095491793628        25.249300293298898        19.847771646394108        25.688967541261750        18.086682019952320        19.230668294651043
 Provide M,N,K for ORGQR
 QR_TIME:   7.6007999479770660E-002   7.6293006539344788E-002   5.8603003621101379E-002   6.0647010803222656E-002   7.0504993200302124E-002   6.8664014339447021E-002
 QR_PERF:   17.080339028598221        17.016532168390665        22.153171676895713        21.406535669372417        18.413481670890182        18.907173029267067
 LQ_TIME:   7.5189977884292603E-002   5.0388991832733154E-002   6.6553950309753418E-002   5.2393972873687744E-002   7.3507010936737061E-002   6.9876015186309814E-002
 LQ_PERF:   17.266172122005727        25.764419028456317        19.506627239371301        24.778481737390404        17.661486754199782        18.579237761891626
m=1000:n=1000:k=710:nb=64
 Provide M,N,K for ORGQR
 QR_TIME:   7.1919001638889313E-002   7.5071007013320923E-002   6.3084006309509277E-002   5.9816002845764160E-002   7.0823997259140015E-002   6.7390024662017822E-002
 QR_PERF:   18.099940076144016        17.339978132556759        20.634859707757293        21.762230140260552        18.379781858923646        19.316354705738473
 LQ_TIME:   6.9007039070129395E-002   5.1859021186828613E-002   6.6913008689880371E-002   4.9295008182525635E-002   7.0360958576202393E-002   6.6833972930908203E-002
 LQ_PERF:   18.863732563240362        25.101328567509082        19.454069626925442        26.406940134385540        18.500747521655757        19.477075399149260
 Provide M,N,K for ORGQR
 QR_TIME:   7.5075998902320862E-002   7.3632001876831055E-002   5.9396997094154358E-002   6.1536014080047607E-002   7.0264995098114014E-002   6.7944020032882690E-002
 QR_PERF:   17.338825177586266        17.678856839686173        21.915747995416950        21.153947642866125        18.526004565749119        19.158854883329028
 LQ_TIME:   6.8557977676391602E-002   5.1446974277496338E-002   6.6385984420776367E-002   4.9290001392364502E-002   6.9844007492065430E-002   6.7755997180938721E-002
 LQ_PERF:   18.987291838514356        25.302369056315829        19.608511365127939        26.409622504122112        18.637680979973574        19.212031173031068
 Provide M,N,K for ORGQR
 QR_TIME:   7.2606995701789856E-002   7.3789998888969421E-002   6.0809001326560974E-002   6.1757996678352356E-002   7.4158996343612671E-002   7.1533977985382080E-002
 QR_PERF:   17.928432479790793        17.641003382568016        21.406857399439197        21.077912011616252        17.553225962882358        18.197360983699344
 LQ_TIME:   7.2400987148284912E-002   5.9212982654571533E-002   7.0640027523040771E-002   5.2143990993499756E-002   7.2749972343444824E-002   7.0739984512329102E-002
 LQ_PERF:   17.979455547117304        21.983866909624417        18.427658873369101        24.964148412849198        17.893207214631921        18.401620228982722
 Provide M,N,K for ORGQR
 QR_TIME:   7.3543995618820190E-002   7.5096994638442993E-002   6.0543999075889587E-002   6.0237005352973938E-002   7.0888012647628784E-002   6.9238007068634033E-002
 QR_PERF:   17.700012204217010        17.333977561515223        21.500555626798480        21.610131718404435        18.363184005039855        18.800795619516105
 LQ_TIME:   6.8475961685180664E-002   5.1503002643585205E-002   6.6596984863281250E-002   5.0156950950622559E-002   7.1469008922576904E-002   6.7407011985778809E-002
 LQ_PERF:   19.010033564548184        25.274843468997872        19.546385360724020        25.953139202610210        18.213913269878660        19.311497300527609
 Provide M,N,K for ORGQR
 QR_TIME:   7.1521997451782227E-002   7.9112999141216278E-002   6.3069999217987061E-002   6.0108989477157593E-002   7.1318000555038452E-002   6.7277997732162476E-002
 QR_PERF:   18.200409194074634        16.454054758768777        20.639442462982572        21.656155449006150        18.252469360738907        19.348519038605446
 LQ_TIME:   6.9929033517837524E-002   5.2062034606933594E-002   6.7600011825561523E-002   4.9343049526214600E-002   6.9635987281799316E-002   6.7951977252960205E-002
 LQ_PERF:   18.615019606526577        25.003447134327633        19.256362459803267        26.381229828700118        18.693356421188152        19.156621817701296
m=1000:n=1000:k=720:nb=64
 Provide M,N,K for ORGQR
 QR_TIME:   7.1327999234199524E-002   7.6208002865314484E-002   6.2278002500534058E-002   6.1705008149147034E-002   7.4508994817733765E-002   7.1915000677108765E-002
 QR_PERF:   18.295545283910066        17.123984239638883        20.954182658456478        21.148763757485042        17.514457726779085        18.146209103984464
 LQ_TIME:   8.0769985914230347E-002   5.3978979587554932E-002   7.2385013103485107E-002   5.4244995117187500E-002   7.6447010040283203E-002   6.9612979888916016E-002
 LQ_PERF:   16.156810543284781        24.175806396697237        18.028391569596458        24.057249100691983        17.070456507224382        18.746293609071369
 Provide M,N,K for ORGQR
 QR_TIME:   7.0828005671501160E-002   7.4691995978355408E-002   6.0701012611389160E-002   6.1154991388320923E-002   7.1109980344772339E-002   6.7436993122100830E-002
 QR_PERF:   18.424698360878494        17.471545952235157        21.498564584986006        21.338971854539736        18.351638316771609        19.351168840479087
 LQ_TIME:   7.2739005088806152E-002   5.0877988338470459E-002   6.8448960781097412E-002   5.0629973411560059E-002   7.0042967796325684E-002   6.8006992340087891E-002
 LQ_PERF:   17.940654514132543        25.649311276194055        19.065086527367402        25.774956454984824        18.631211684157922        19.188988001028740
 Provide M,N,K for ORGQR
 QR_TIME:   7.1931004524230957E-002   7.5727999210357666E-002   6.0226008296012878E-002   5.9665009379386902E-002   7.0702999830245972E-002   6.8287998437881470E-002
 QR_PERF:   18.142171774626028        17.232525005381515        21.668124402101434        21.871858457309600        18.457273993086524        19.110014495256966
 LQ_TIME:   7.3696017265319824E-002   4.9870014190673828E-002   6.6801965236663818E-002   4.9553990364074707E-002   7.0978999137878418E-002   6.7987978458404541E-002
 LQ_PERF:   17.707678222308839        26.167735886548932        19.535134264040593        26.334617059337340        18.385513685041325        19.194354496043708
 Provide M,N,K for ORGQR
 QR_TIME:   7.6186001300811768E-002   7.7357992529869080E-002   6.2709003686904907E-002   6.1505004763603210E-002   7.1869999170303345E-002   6.7789018154144287E-002
 QR_PERF:   17.128929432159282        16.869422244845946        20.810163824569120        21.217535792668539        18.157571379786784        19.250679173913063
 LQ_TIME:   7.4016988277435303E-002   5.1764011383056641E-002   6.7216038703918457E-002   5.0612032413482666E-002   7.0981979370117188E-002   6.7752003669738770E-002
 LQ_PERF:   17.630889750722751        25.210282687387455        19.414791248683390        25.784093184378062        18.384741755305118        19.261206891551574
 Provide M,N,K for ORGQR
 QR_TIME:   7.2583004832267761E-002   7.4407994747161865E-002   6.2459006905555725E-002   5.9321016073226929E-002   7.1684986352920532E-002   6.9379001855850220E-002
 QR_PERF:   17.979203851034992        17.538231535930162        20.893458039979205        21.998689948080180        18.204434518202756        18.809504390267620
 LQ_TIME:   7.2659999132156372E-002   5.0742983818054199E-002   6.7484974861145020E-002   5.1021993160247803E-002   6.9479942321777344E-002   6.6973030567169189E-002
 LQ_PERF:   17.960162064225326        25.717552690224146        19.337420850864909        25.576918484963045        18.782188303443277        19.485236802763353
m=1000:n=1000:k=730:nb=64
 Provide M,N,K for ORGQR
 QR_TIME:   7.1906998753547668E-002   7.6982006430625916E-002   6.0668990015983582E-002   6.0515999794006348E-002   7.1553975343704224E-002   6.9886028766632080E-002
 QR_PERF:   18.190377608208362        16.991184312385361        21.559868718028699        21.614374123412386        18.280122854349386        18.716408459376183
 LQ_TIME:   6.9058001041412354E-002   5.2575945854187012E-002   7.1842014789581299E-002   5.3213000297546387E-002   7.4742972850799561E-002   7.2014987468719482E-002
 LQ_PERF:   18.940834809504775        24.878605011265488        18.206841690493508        24.580763773628298        17.500189517629114        18.163110707589187
 Provide M,N,K for ORGQR
 QR_TIME:   7.2743996977806091E-002   7.7610000967979431E-002   6.2951996922492981E-002   6.4528986811637878E-002   7.7193021774291992E-002   7.5141996145248413E-002
 QR_PERF:   17.981077674341574        16.853697251462023        20.777982017162053        20.270199868752595        16.944737101036967        17.407249302661917
 LQ_TIME:   7.2326987981796265E-002   5.3107023239135742E-002   7.4042975902557373E-002   5.5157959461212158E-002   7.5513958930969238E-002   7.2862982749938965E-002
 LQ_PERF:   18.084759596641991        24.629815610453832        17.665635045806180        23.714006152091525        17.321515233967766        17.951724464657545
 Provide M,N,K for ORGQR
 QR_TIME:   7.6719999313354492E-002   8.0117993056774139E-002   6.4292013645172119E-002   6.3076987862586975E-002   7.5495988130569458E-002   7.1612983942031860E-002
 QR_PERF:   17.049211049358242        16.326113649315939        20.344913556743496        20.736809164849593        17.325628717353855        18.265060160861214
 LQ_TIME:   7.1339011192321777E-002   5.2500009536743164E-002   7.1954011917114258E-002   5.2468955516815186E-002   7.4772000312805176E-002   7.1129024028778076E-002
 LQ_PERF:   18.335216148058720        24.914589569446825        18.178502562257943        24.929335396829249        17.493395716685061        18.389345388329666
 Provide M,N,K for ORGQR
 QR_TIME:   7.2338998317718506E-002   7.7416002750396729E-002   6.3765004277229309E-002   6.3809990882873535E-002   7.4046999216079712E-002   7.1345984935760498E-002
 QR_PERF:   18.081746919622724        16.895931248443294        20.513061589601374        20.498599700490924        17.664665332122699        18.333413732780190
 LQ_TIME:   7.0676982402801514E-002   5.2244961261749268E-002   6.8883001804351807E-002   5.0845980644226074E-002   7.1877002716064453E-002   6.9710016250610352E-002
 LQ_PERF:   18.506961467955264        25.036217051569597        18.988954542299922        25.725065647810151        18.197979055513112        18.763676446403750
 Provide M,N,K for ORGQR
 QR_TIME:   7.4700996279716492E-002   7.6751008629798889E-002   6.3470989465713501E-002   6.3242986798286438E-002   7.4622988700866699E-002   7.1408003568649292E-002
 QR_PERF:   17.510013589405961        17.042322744044796        20.608083645939992        20.682379600000811        17.528317784795561        18.317490962235308
 LQ_TIME:   7.0970982313156128E-002   5.2089035511016846E-002   7.1764051914215088E-002   5.2348017692565918E-002   7.3471963405609131E-002   7.1247994899749756E-002
 LQ_PERF:   18.430295697873252        25.111161632535012        18.226621199755680        24.986928782706414        17.802929571637677        18.358638609275364
m=1000:n=1000:k=740:nb=64
 Provide M,N,K for ORGQR
 QR_TIME:   7.3345005512237549E-002   8.0467998981475830E-002   6.7645996809005737E-002   6.5130010247230530E-002   7.4809998273849487E-002   7.0952981710433960E-002
 QR_PERF:   17.872111002586113        16.290079243821634        19.377792357780564        20.126360721027819        17.522124184545159        18.474629936619511
 LQ_TIME:   7.4974030256271362E-002   5.1340043544769287E-002   7.2607994079589844E-002   5.3596019744873047E-002   7.6144993305206299E-002   7.2700977325439453E-002
 LQ_PERF:   17.483798263470739        25.532327779522348        18.053533038843103        24.457615066189554        17.214931187214034        18.030442893940506
 Provide M,N,K for ORGQR
 QR_TIME:   7.2812996804714203E-002   8.0375000834465027E-002   6.5307006239891052E-002   6.4606994390487671E-002   7.5946986675262451E-002   7.2944998741149902E-002
 QR_PERF:   18.002693715734157        16.308927731144884        20.071813967171472        20.289290538378584        17.259803678648979        17.970115876642428
 LQ_TIME:   7.5385004281997681E-002   5.1582992076873779E-002   7.2641968727111816E-002   5.3451955318450928E-002   7.4158012866973877E-002   7.2228014469146729E-002
 LQ_PERF:   17.388482397593133        25.412074158987860        18.045089401751920        24.523533558135671        17.676185880970060        18.148509683316032
 Provide M,N,K for ORGQR
 QR_TIME:   7.5378999114036560E-002   7.9130001366138458E-002   6.6257998347282410E-002   6.4902007579803467E-002   7.5708001852035522E-002   7.3829025030136108E-002
 QR_PERF:   17.389857857052736        16.565525810302006        19.783725930407069        20.197065220027344        17.314287102199568        17.754942307106656
 LQ_TIME:   7.5401961803436279E-002   5.0981998443603516E-002   7.0446968078613281E-002   5.4724991321563721E-002   7.5207948684692383E-002   7.2184026241302490E-002
 LQ_PERF:   17.384571815481085        25.711640579371284        18.607341887832781        23.953056699407512        17.429418604350296        18.159569204661022
 Provide M,N,K for ORGQR
 QR_TIME:   7.2648003697395325E-002   7.8270003199577332E-002   6.5425992012023926E-002   6.4926013350486755E-002   7.3656022548675537E-002   7.2266012430191040E-002
 QR_PERF:   18.043580185080810        16.747540902196850        20.035310733371787        20.189597548887118        17.796644926539965        18.138956833494326
 LQ_TIME:   7.4656993150711060E-002   5.3835988044738770E-002   6.9041967391967773E-002   5.2600979804992676E-002   7.4205994606018066E-002   7.0307016372680664E-002
 LQ_PERF:   17.558044661051486        24.348597798756355        18.986000392458394        24.920273821127203        17.664756425132424        18.644381281259317
 Provide M,N,K for ORGQR
 QR_TIME:   7.7725000679492950E-002   7.9303994774818420E-002   6.2328994274139404E-002   6.4702004194259644E-002   7.3408007621765137E-002   7.2154998779296875E-002
 QR_PERF:   16.864973541851001        16.529180953898564        21.030823539918234        20.259497311155879        17.856772339525321        18.166864419324341
 LQ_TIME:   7.5495004653930664E-002   5.2230000495910645E-002   7.1151018142700195E-002   5.4089009761810303E-002   7.6429009437561035E-002   7.2708964347839355E-002
 LQ_PERF:   17.363146422850786        25.097277571395608        18.423219431252591        24.234698061074795        17.150959166504546        18.028462264006279
m=1000:n=1000:k=750:nb=64
 Provide M,N,K for ORGQR
 QR_TIME:   7.2751998901367188E-002   7.9608999192714691E-002   6.5732002258300781E-002   6.5948009490966797E-002   7.8100979328155518E-002   7.4548989534378052E-002
 QR_PERF:   18.053613918989068        16.498593291199136        19.981690118592674        19.916241750706781        16.817157880714362        17.618434645506664
 LQ_TIME:   7.1441024541854858E-002   5.3986012935638428E-002   7.3737025260925293E-002   5.5495977401733398E-002   7.9910039901733398E-002   7.4387967586517334E-002
 LQ_PERF:   18.384916207780613        24.329213782945342        17.812452365040230        23.667251420622339        16.436448431450589        17.656582006658532
 Provide M,N,K for ORGQR
 QR_TIME:   7.2108000516891479E-002   7.9088993370532990E-002   6.6084995865821838E-002   6.4845010638237000E-002   7.7399998903274536E-002   7.4301004409790039E-002
 QR_PERF:   18.214851203540505        16.607070643149200        19.874957738770011        20.255012483959856        16.969464064739579        17.677237480613911
 LQ_TIME:   7.0663988590240479E-002   5.3954005241394043E-002   7.4509978294372559E-002   5.4690003395080566E-002   7.7620029449462891E-002   7.4656009674072266E-002
 LQ_PERF:   18.587080579561299        24.343646854827341        17.627669207081205        24.016038918698353        16.921370158138849        17.593188488563854
 Provide M,N,K for ORGQR
 QR_TIME:   7.3269002139568329E-002   7.9306997358798981E-002   6.5348997712135315E-002   6.5243005752563477E-002   7.7780008316040039E-002   7.4133992195129395E-002
 QR_PERF:   17.926223391142504        16.561420098377692        20.098800991343968        20.131452940430989        16.886556435725385        17.717061514006698
 LQ_TIME:   7.1377992630004883E-002   5.4831027984619141E-002   7.3370993137359619E-002   5.3005993366241455E-002   7.9542994499206543E-002   7.3487043380737305E-002
 LQ_PERF:   18.401151413830537        23.954270023323971        17.901314863505831        24.779032833606021        16.512293235491679        17.873045227783418
 Provide M,N,K for ORGQR
 QR_TIME:   7.2503998875617981E-002   8.0184996128082275E-002   6.3600987195968628E-002   6.4345002174377441E-002   7.5482994318008423E-002   7.3581993579864502E-002
 QR_PERF:   18.115366329700322        16.380078112144599        20.651196748770790        20.412408976854742        17.400429220739667        17.849971658819232
 LQ_TIME:   7.0434033870697021E-002   5.1769018173217773E-002   7.0709049701690674E-002   5.2214026451110840E-002   7.5480997562408447E-002   7.2156012058258057E-002
 LQ_PERF:   18.647764125099116        25.371106046579317        18.575235497311390        25.154873877229150        17.400899463656888        18.202741705563547
 Provide M,N,K for ORGQR
 QR_TIME:   7.3994003236293793E-002   7.8920997679233551E-002   6.3614010810852051E-002   6.4086005091667175E-002   7.7030003070831299E-002   7.6411008834838867E-002
 QR_PERF:   17.750580351838082        16.642421391304890        20.646968855734183        20.494903655194143        17.050972966887429        17.189100366924499
 LQ_TIME:   7.1173965930938721E-002   5.3229987621307373E-002   7.3334991931915283E-002   5.3079009056091309E-002   7.7073037624359131E-002   7.4974000453948975E-002
 LQ_PERF:   18.453900001504060        24.674761514959393        17.910102877210434        24.744946700342947        17.041462105093999        17.518569664783303
m=1000:n=1000:k=760:nb=64
 Provide M,N,K for ORGQR
 QR_TIME:   7.2664000093936920E-002   8.2895010709762573E-002   6.8158000707626343E-002   6.5918982028961182E-002   7.8970015048980713E-002   7.5767993927001953E-002
 QR_PERF:   18.108591851521176        15.873605766300152        19.305770508799089        19.961514566804006        16.662561342857234        17.366735633356452
 LQ_TIME:   7.6142996549606323E-002   5.3714990615844727E-002   7.3140025138854980E-002   5.3207993507385254E-002   7.7116012573242188E-002   7.5024008750915527E-002
 LQ_PERF:   17.281214814585638        24.496764588689242        17.990744158234776        24.730184193421263        17.063168025580371        17.538965218036854
 Provide M,N,K for ORGQR
 QR_TIME:   7.3127999901771545E-002   8.1258006393909454E-002   6.9629997014999390E-002   6.6749006509780884E-002   8.0617994070053101E-002   7.6862007379531860E-002
 QR_PERF:   17.993692180389079        16.193391622497725        18.897641482255800        19.713292958258286        16.321948160315138        17.119546637685204
 LQ_TIME:   7.5621008872985840E-002   5.2858948707580566E-002   7.4985980987548828E-002   5.4678022861480713E-002   7.9690039157867432E-002   7.7831983566284180E-002
 LQ_PERF:   17.400501522137983        24.893485628693430        17.547859782197040        24.065308347624590        16.512019493343328        16.906205131973618
 Provide M,N,K for ORGQR
 QR_TIME:   7.2296001017093658E-002   7.9512007534503937E-002   6.5552994608879089E-002   6.5532013773918152E-002   7.9773008823394775E-002   7.6153010129928589E-002
 QR_PERF:   18.200767697910184        16.548981226879413        20.072961240763370        20.079387832328564        16.494836278685117        17.278932477586540
 LQ_TIME:   7.3742002248764038E-002   5.4679989814758301E-002   7.4128985404968262E-002   5.3562045097351074E-002   7.7638983726501465E-002   7.5512051582336426E-002
 LQ_PERF:   17.843880554817108        24.064442668291239        17.750728312434312        24.566714687768251        16.948231633676667        17.425608925023546
 Provide M,N,K for ORGQR
 QR_TIME:   7.5557000935077667E-002   8.1422999501228333E-002   6.7679002881050110E-002   6.7598998546600342E-002   8.1883996725082397E-002   7.7720016241073608E-002
 QR_PERF:   17.415232257969549        16.160577822733604        19.442407009344866        19.465417362550198        16.069595679578448        16.930551274185159
 LQ_TIME:   7.5958967208862305E-002   5.3789973258972168E-002   7.5962007045745850E-002   5.5819988250732422E-002   7.9509019851684570E-002   7.6457977294921875E-002
 LQ_PERF:   17.323082821569454        24.462616362809165        17.322389588884516        23.572980239434834        16.549612640862168        17.210022113511950
 Provide M,N,K for ORGQR
 QR_TIME:   7.3880001902580261E-002   8.1085994839668274E-002   6.7862004041671753E-002   6.6320002079010010E-002   7.7663004398345947E-002   7.5312972068786621E-002
 QR_PERF:   17.810539877017032        16.227743429698581        19.389977330937437        19.840812405771295        16.942979867876765        17.471661041316807
 LQ_TIME:   7.5204998254776001E-002   5.3964018821716309E-002   7.3653995990753174E-002   5.3409993648529053E-002   7.7772021293640137E-002   7.4084997177124023E-002
 LQ_PERF:   17.496755674965200        24.383719165676290        17.865201504684098        24.636652995300238        16.919239825744430        17.761267869850258
m=1000:n=1000:k=770:nb=64
 Provide M,N,K for ORGQR
 QR_TIME:   7.1527995169162750E-002   8.3169996738433838E-002   7.2131007909774780E-002   7.1104019880294800E-002   8.5406988859176636E-002   8.1229001283645630E-002
 QR_PERF:   18.427145020391151        15.847743076691865        18.273094722989228        18.537021426059702        15.432656713530534        16.226430451821557
 LQ_TIME:   7.1108996868133545E-002   5.4847002029418945E-002   7.9097986221313477E-002   5.8386981487274170E-002   8.4726989269256592E-002   8.1200003623962402E-002
 LQ_PERF:   18.535734830351235        24.031532467226146        16.663603878765251        22.574510214871772        15.556524802401546        16.232234620381671
 Provide M,N,K for ORGQR
 QR_TIME:   7.3509998619556427E-002   8.2926996052265167E-002   7.2457998991012573E-002   7.2415024042129517E-002   8.4517002105712891E-002   8.1178992986679077E-002
 QR_PERF:   17.930305601302884        15.894181662739690        18.190631239533495        18.201426533162270        15.595166737591917        16.236426340202126
 LQ_TIME:   7.1820020675659180E-002   5.5213987827301025E-002   7.8957974910736084E-002   5.7524979114532471E-002   8.4708988666534424E-002   8.0767989158630371E-002
 LQ_PERF:   18.352229609517615        23.871804263126872        16.693152420513520        22.912785546184065        15.559830553386343        16.319058128478368
 Provide M,N,K for ORGQR
 QR_TIME:   7.2967000305652618E-002   8.1781998276710510E-002   7.1217015385627747E-002   6.9969981908798218E-002   8.6094975471496582E-002   8.2652002573013306E-002
 QR_PERF:   18.063737504334441        16.116709884494835        18.507609914048658        18.837460065632282        15.309334055578750        15.947063579441428
 LQ_TIME:   7.1995973587036133E-002   5.4205000400543213E-002   8.1044018268585205E-002   5.7902038097381592E-002   8.3854019641876221E-002   7.8419029712677002E-002
 LQ_PERF:   18.307378098118171        24.316160875571008        16.263476789019400        22.763577126305059        15.718477368516862        16.807878327866206
 Provide M,N,K for ORGQR
 QR_TIME:   7.5324997305870056E-002   8.1684999167919159E-002   6.9090992212295532E-002   6.9351971149444580E-002   8.4472984075546265E-002   7.9322993755340576E-002
 QR_PERF:   17.498264681614319        16.135848116867599        19.077114075160676        19.005324840151363        15.603293223561622        16.616326207572808
 LQ_TIME:   7.1006000041961670E-002   5.4679989814758301E-002   7.7392995357513428E-002   5.6438982486724854E-002   8.5850000381469727E-002   7.9833984375000000E-002
 LQ_PERF:   18.562621598471694        24.104933348840017        17.030708062290302        23.353672442801802        15.353028586409833        16.509980308746176
 Provide M,N,K for ORGQR
 QR_TIME:   7.2733998298645020E-002   8.1965997815132141E-002   6.8345010280609131E-002   6.8721994757652283E-002   8.4383994340896606E-002   7.9578012228012085E-002
 QR_PERF:   18.121604350527697        16.080530648486377        19.285339699099573        19.179547168968526        15.619748155974706        16.563076949238415
 LQ_TIME:   6.8612992763519287E-002   5.4565012454986572E-002   7.6849997043609619E-002   5.6318998336791992E-002   8.2262039184570312E-002   7.8446030616760254E-002
 LQ_PERF:   19.210027968650206        24.155726365632773        17.151041778857184        23.403426000546268        16.022670031831943        16.802093103209131
m=1000:n=1000:k=780:nb=64
 Provide M,N,K for ORGQR
 QR_TIME:   7.5508996844291687E-002   8.3953991532325745E-002   7.2881996631622314E-002   7.1811974048614502E-002   8.6331993341445923E-002   8.3582997322082520E-002
 QR_PERF:   17.482506921952250        15.723928498286019        18.112656362480003        18.382541038439381        15.290815245965808        15.793721238700240
 LQ_TIME:   7.8257024288177490E-002   5.4418027400970459E-002   7.9988956451416016E-002   6.3076019287109375E-002   8.8611006736755371E-002   8.3346009254455566E-002
 LQ_PERF:   16.868611501746422        24.258272544007326        16.503369947097628        20.928513798425158        14.897554927027308        15.838638847959357
 Provide M,N,K for ORGQR
 QR_TIME:   7.7997997403144836E-002   8.8432006537914276E-002   7.6831012964248657E-002   7.5129002332687378E-002   9.3276023864746094E-002   8.6003988981246948E-002
 QR_PERF:   16.924621194784354        14.927701085624774        17.181688865852497        17.570931584508109        14.152474615708078        15.349131774432498
 LQ_TIME:   7.7089011669158936E-002   5.5103957653045654E-002   7.6849997043609619E-002   5.9130966663360596E-002   8.3366990089416504E-002   8.0915987491607666E-002
 LQ_PERF:   17.124195931650899        23.956307245874150        17.177454662111408        22.324805672726598        15.834652763451345        16.314295616016736
 Provide M,N,K for ORGQR
 QR_TIME:   7.4321001768112183E-002   8.4392003715038300E-002   7.1309998631477356E-002   7.1426004171371460E-002   8.6022019386291504E-002   8.2296997308731079E-002
 QR_PERF:   17.761958646881293        15.642318014600786        18.511942018426755        18.481876108213108        15.345914562549428        16.040519133982414
 LQ_TIME:   7.7930033206939697E-002   5.5086016654968262E-002   8.0403029918670654E-002   5.9852004051208496E-002   8.5839986801147461E-002   8.3130002021789551E-002
 LQ_PERF:   16.939391473048232        23.964109590068535        16.418378030470940        22.055858628736186        15.378466250909929        15.879794393051817
 Provide M,N,K for ORGQR
 QR_TIME:   7.3412999510765076E-002   8.3259001374244690E-002   7.3308005928993225E-002   7.1851015090942383E-002   8.6776018142700195E-002   8.2369983196258545E-002
 QR_PERF:   17.981645877395682        15.855181280235186        18.007399645799225        18.372552681811889        15.212573568761393        16.026306049555703
 LQ_TIME:   7.6247990131378174E-002   5.2975952625274658E-002   7.9860985279083252E-002   5.9542000293731689E-002   8.7696015834808350E-002   8.2628965377807617E-002
 LQ_PERF:   17.313077206696722        24.918614476602929        16.529815345838841        22.170691839168406        15.052991033100390        15.976084584432511
 Provide M,N,K for ORGQR
 QR_TIME:   7.5745001435279846E-002   8.5824005305767059E-002   7.1740999817848206E-002   7.1627020835876465E-002   8.5116982460021973E-002   8.2004994153976440E-002
 QR_PERF:   17.428035315676180        15.381320823898847        18.400727106560062        18.430007901973170        15.509085517922616        16.097636169833063
 LQ_TIME:   7.6295018196105957E-002   5.3641021251678467E-002   7.8920960426330566E-002   5.9700012207031250E-002   8.5923016071319580E-002   8.2871973514556885E-002
 LQ_PERF:   17.302405467771109        24.609660837855383        16.726701409472160        22.112011224086903        15.363605706115742        15.929237400966684
m=1000:n=1000:k=790:nb=64
 Provide M,N,K for ORGQR
 QR_TIME:   7.4518002569675446E-002   8.8358998298645020E-002   7.4351012706756592E-002   7.3125004768371582E-002   8.9170008897781372E-002   8.5000991821289062E-002
 QR_PERF:   17.739876733329858        14.961013654002366        17.779719897209546        18.077813248523338        14.824941663013460        15.552055942821497
 LQ_TIME:   7.3690950870513916E-002   5.5504977703094482E-002   8.2315981388092041E-002   6.0270011425018311E-002   8.8725030422210693E-002   8.3651006221771240E-002
 LQ_PERF:   17.938986461483569        23.816620142994850        16.059347743999975        21.933643925795860        14.899301400172597        15.803049236435221
 Provide M,N,K for ORGQR
 QR_TIME:   7.5254000723361969E-002   8.5262008011341095E-002   7.0608988404273987E-002   7.0216983556747437E-002   8.3675980567932129E-002   8.3373993635177612E-002
 QR_PERF:   17.566377432337823        15.504445776413835        18.721981575931803        18.826501980559222        15.798323139180738        15.855545864630860
 LQ_TIME:   6.9949984550476074E-002   5.6553006172180176E-002   7.9293012619018555E-002   5.7820975780487061E-002   8.3292007446289062E-002   8.0809950828552246E-002
 LQ_PERF:   18.898374009590871        23.375255525325116        16.671594713541385        22.862654117402798        15.871162318334745        16.358640940206143
 Provide M,N,K for ORGQR
 QR_TIME:   7.4790000915527344E-002   8.3794996142387390E-002   7.2312980890274048E-002   7.0732980966567993E-002   8.6367994546890259E-002   8.1490010023117065E-002
 QR_PERF:   17.675359858506816        15.775884490211242        18.280814367283238        18.689162565123844        15.305903383947420        16.222113356287384
 LQ_TIME:   7.2560012340545654E-002   5.5258989334106445E-002   8.2051038742065430E-002   5.9599995613098145E-002   8.7765991687774658E-002   8.4176003932952881E-002
 LQ_PERF:   18.218587998520992        23.922641111065051        16.111203346926981        22.180219250041024        15.062109418221722        15.704487125011786
 Provide M,N,K for ORGQR
 QR_TIME:   7.3551997542381287E-002   8.6846001446247101E-002   7.2237014770507812E-002   7.1197003126144409E-002   8.4311008453369141E-002   8.2321971654891968E-002
 QR_PERF:   17.972865784349185        15.221658544846285        18.300038895567820        18.567357079030863        15.679330662153575        16.058169567922928
 LQ_TIME:   7.2097003459930420E-002   5.5903017520904541E-002   8.0618977546691895E-002   6.1398983001708984E-002   8.7750017642974854E-002   8.3844006061553955E-002
 LQ_PERF:   18.335588256933580        23.647041405335042        16.397391907313320        21.530339842326136        15.064851330042243        15.766672325145091
 Provide M,N,K for ORGQR
 QR_TIME:   7.4859000742435455E-002   8.5128001868724823E-002   7.3660001158714294E-002   7.2190999984741211E-002   8.7595999240875244E-002   8.2957983016967773E-002
 QR_PERF:   17.659067939583508        15.528852445503805        17.946513157821322        18.311703401800980        15.091330556831393        15.935056903801742
 LQ_TIME:   7.1744978427886963E-002   5.6181967258453369E-002   8.2021951675415039E-002   5.8888018131256104E-002   8.6387038230895996E-002   8.2506000995635986E-002
 LQ_PERF:   18.425553940736393        23.529631205662263        16.116916788706867        22.448386139494666        15.302538402424506        16.022361453076872
m=1000:n=1000:k=800:nb=64
 Provide M,N,K for ORGQR
 QR_TIME:   7.3852993547916412E-002   8.5407003760337830E-002   7.1685999631881714E-002   7.1992009878158569E-002   8.7597012519836426E-002   8.6229026317596436E-002
 QR_PERF:   17.922436673351918        15.497857807004330        18.464213469812996        18.385729225231291        15.110396598288823        15.350116503981589
 LQ_TIME:   7.7136993408203125E-002   5.6938052177429199E-002   8.1916034221649170E-002   6.0656011104583740E-002   8.8805973529815674E-002   8.5249006748199463E-002
 LQ_PERF:   17.159424311438599        23.246780481273614        16.158331059075920        21.821850396950584        14.904700071280747        15.526590285205359
 Provide M,N,K for ORGQR
 QR_TIME:   7.6542995870113373E-002   8.8315993547439575E-002   7.7588006854057312E-002   7.6563984155654907E-002   9.7227007150650024E-002   9.1726034879684448E-002
 QR_PERF:   17.292576348149140        14.987382769905711        17.059667513946241        17.287835979238793        13.613764722276041        14.430206230283234
 LQ_TIME:   7.6608955860137939E-002   5.6051969528198242E-002   8.6115002632141113E-002   6.4028978347778320E-002   9.4216942787170410E-002   9.1615021228790283E-002
 LQ_PERF:   17.277697955007952        23.614271026357404        15.370450671111939        20.672302356764483        14.048708871715151        14.447700630822387
 Provide M,N,K for ORGQR
 QR_TIME:   7.5696006417274475E-002   8.6698994040489197E-002   7.1757003664970398E-002   7.2676002979278564E-002   8.8137000799179077E-002   8.4149003028869629E-002
 QR_PERF:   17.486069115766945        15.266908395521346        18.445943007597371        18.212691201212493        15.017819848622853        15.729545833667139
 LQ_TIME:   7.6229035854339600E-002   5.5945992469787598E-002   8.3629012107849121E-002   6.0359001159667969E-002   9.1540992259979248E-002   8.5770964622497559E-002
 LQ_PERF:   17.363808752995631        23.659002934210079        15.827359030536353        21.929229685206423        14.459384449764974        15.432103460951575
 Provide M,N,K for ORGQR
 QR_TIME:   7.4533000588417053E-002   8.7149992585182190E-002   7.1226999163627625E-002   7.2795987129211426E-002   8.4919005632400513E-002   8.1826984882354736E-002
 QR_PERF:   17.758920069638258        15.187902611767418        18.583200409149274        18.182672592248672        15.586918265738332        16.175905807882550
 LQ_TIME:   7.3981940746307373E-002   5.6670010089874268E-002   8.4451973438262939E-002   6.1789989471435547E-002   8.7293982505798340E-002   8.4538042545318604E-002
 LQ_PERF:   17.891209485012940        23.356734856775748        15.673125755523197        21.421372803630103        15.162859592436172        15.657168774524662
 Provide M,N,K for ORGQR
 QR_TIME:   7.5346998870372772E-002   8.6044006049633026E-002   7.5299993157386780E-002   7.3085010051727295E-002   8.8149994611740112E-002   8.4431022405624390E-002
 QR_PERF:   17.567064645496625        15.383123831269417        17.578030813806983        18.110767160915472        15.015606136222212        15.677005468926149
 LQ_TIME:   7.5420022010803223E-002   5.5968999862670898E-002   8.2534015178680420E-002   6.1012983322143555E-002   8.7715983390808105E-002   8.5032999515533447E-002
 LQ_PERF:   17.550066477180323        23.649277336520822        16.037344083338734        21.694176024984074        15.089911197857067        15.566032099787396
m=1000:n=1000:k=810:nb=64
 Provide M,N,K for ORGQR
 QR_TIME:   7.4712000787258148E-002   8.8521003723144531E-002   7.8389003872871399E-002   7.3471009731292725E-002   8.8109999895095825E-002   8.4078997373580933E-002
 QR_PERF:   17.736786674651597        14.969902783123647        16.904804941125214        18.036376862744987        15.039732397885945        15.760782851775362
 LQ_TIME:   6.9525003433227539E-002   5.6145012378692627E-002   8.2706034183502197E-002   5.9419035911560059E-002   8.8497042655944824E-002   8.2768023014068604E-002
 LQ_PERF:   19.060072845198604        23.602303639404006        16.022429839397798        22.301802943628541        14.973965120528041        16.010429894824910
 Provide M,N,K for ORGQR
 QR_TIME:   7.5572997331619263E-002   8.6470000445842743E-002   7.4679002165794373E-002   7.3085010051727295E-002   8.7282001972198486E-002   8.3741039037704468E-002
 QR_PERF:   17.534713016411821        15.324977601104083        17.744624078640488        18.131636283036691        15.182406338732857        15.824389513525738
 LQ_TIME:   6.9387018680572510E-002   5.4457962512969971E-002   8.4984004497528076E-002   6.3425004482269287E-002   9.0002000331878662E-002   8.6678028106689453E-002
 LQ_PERF:   19.097976180536286        24.333477949792844        15.592953495602158        20.893205145463590        14.723579755044977        15.288206930237379
 Provide M,N,K for ORGQR
 QR_TIME:   7.4202001094818115E-002   8.4751009941101074E-002   7.2442010045051575E-002   7.3445975780487061E-002   8.8459998369216919E-002   8.2868039608001709E-002
 QR_PERF:   17.858693841782951        15.635811548687531        18.292573869442478        18.042524534775978        14.980226593143795        15.991096522476971
 LQ_TIME:   7.2290956974029541E-002   5.7318985462188721E-002   8.5422992706298828E-002   6.2083959579467773E-002   8.9392006397247314E-002   8.5525989532470703E-002
 LQ_PERF:   18.330807689764843        23.118895411611131        15.512821408120573        21.344508935577785        14.824050643982480        15.494139702375433
 Provide M,N,K for ORGQR
 QR_TIME:   7.5996994972229004E-002   8.9183002710342407E-002   7.5132995843887329E-002   7.5343996286392212E-002   8.8750004768371582E-002   8.7016016244888306E-002
 QR_PERF:   17.436884451605483        14.858782276079660        17.637401585229235        17.588008140196486        14.931276042840874        15.228815075498760
 LQ_TIME:   7.2485029697418213E-002   5.6553006172180176E-002   8.3705008029937744E-002   6.0621023178100586E-002   8.8702976703643799E-002   8.5458993911743164E-002
 LQ_PERF:   18.281728455264737        23.432028104137721        15.831210834195838        21.859605142374313        14.939201357664974        15.506286340891583
 Provide M,N,K for ORGQR
 QR_TIME:   7.3794007301330566E-002   8.7655998766422272E-002   7.5042992830276489E-002   7.5343012809753418E-002   8.8923990726470947E-002   8.6595982313156128E-002
 QR_PERF:   17.957431347898982        15.117628441279201        17.658555049864177        17.588237722137581        14.902061965214166        15.302682464041705
 LQ_TIME:   7.2322010993957520E-002   5.7498991489410400E-002   8.2196056842803955E-002   5.9567034244537354E-002   8.5795998573303223E-002   8.3585023880004883E-002
 LQ_PERF:   18.322936707480604        23.046519524504241        16.121839427580930        22.246392602994568        15.445378013379074        15.853936129783188
m=1000:n=1000:k=820:nb=64
 Provide M,N,K for ORGQR
 QR_TIME:   7.3032997548580170E-002   9.2357009649276733E-002   7.6130002737045288E-002   7.5742006301879883E-002   8.8467001914978027E-002   8.4904015064239502E-002
 QR_PERF:   18.163349232894642        14.363001195441891        17.424455435550719        17.513714050733778        14.994560811214866        15.623805764619430
 LQ_TIME:   7.5729012489318848E-002   5.4563999176025391E-002   8.2026004791259766E-002   6.1865985393524170E-002   8.7509989738464355E-002   8.4295034408569336E-002
 LQ_PERF:   17.516729934740649        24.311353273805764        16.172001347325732        21.441906268235957        15.158551200434390        15.736688042269154
 Provide M,N,K for ORGQR
 QR_TIME:   7.4217997491359711E-002   8.7273001670837402E-002   7.7597007155418396E-002   7.5680017471313477E-002   9.1396003961563110E-002   8.7214022874832153E-002
 QR_PERF:   17.873344536875045        15.199704543258111        17.095038695798106        17.528059378459037        14.514024492338571        15.209983398011589
 LQ_TIME:   7.7380001544952393E-002   5.5926024913787842E-002   8.4526002407073975E-002   6.2695980072021484E-002   9.0337991714477539E-002   8.7047040462493896E-002
 LQ_PERF:   17.142990869926276        23.719273129904902        15.693687412442721        21.158049662453092        14.684017596855782        15.239170142396304
 Provide M,N,K for ORGQR
 QR_TIME:   7.9081997275352478E-002   9.0931005775928497E-002   8.0053001642227173E-002   7.9414010047912598E-002   9.7660005092620850E-002   9.3049973249435425E-002
 QR_PERF:   16.774030572106433        14.588245545956129        16.570569657443947        16.703901984041263        13.583081822921507        14.256036769017003
 LQ_TIME:   8.2711994647979736E-002   5.8868944644927979E-002   8.9159011840820312E-002   6.2430977821350098E-002   8.9588999748229980E-002   8.5060954093933105E-002
 LQ_PERF:   16.037875348619714        22.533522012344932        14.878189345215104        21.247859737131268        14.806780561541077        15.594989194867415
 Provide M,N,K for ORGQR
 QR_TIME:   7.5470998883247375E-002   9.2587999999523163E-002   7.4331000447273254E-002   7.5342983007431030E-002   8.9775025844573975E-002   8.6387991905212402E-002
 QR_PERF:   17.576603723664963        14.327168099611523        17.846172283675511        17.606468274147915        14.776089759044892        15.355419320957285
 LQ_TIME:   7.5221002101898193E-002   5.5118978023529053E-002   8.2691967487335205E-002   6.1152994632720947E-002   8.7723970413208008E-002   8.3929955959320068E-002
 LQ_PERF:   17.635030416146574        24.066568495405274        16.041759560300285        21.691900257166154        15.121575707889688        15.805139474193838
 Provide M,N,K for ORGQR
 QR_TIME:   7.6030001044273376E-002   9.0222999453544617E-002   7.7751994132995605E-002   7.7002018690109253E-002   9.0091019868850708E-002   8.5257023572921753E-002
 QR_PERF:   17.447373691702907        14.702723784781957        17.060962291603314        17.227130698203229        14.724262661595757        15.559115066518855
 LQ_TIME:   7.4295997619628906E-002   5.5613040924072266E-002   8.1811964511871338E-002   6.2052011489868164E-002   8.8249981403350830E-002   8.4320962429046631E-002
 LQ_PERF:   17.854591128735766        23.852762552781211        16.214311291932301        21.377625449202313        15.031444074045234        15.731849136757988
m=1000:n=1000:k=830:nb=64
 Provide M,N,K for ORGQR
 QR_TIME:   7.4018001556396484E-002   9.1177001595497131E-002   7.8587010502815247E-002   7.6864004135131836E-002   9.3369990587234497E-002   8.8687002658843994E-002
 QR_PERF:   17.938239780607237        14.562363718545139        16.895319614587390        17.274050121897446        14.220336230616795        14.971220361426820
 LQ_TIME:   7.5933039188385010E-002   5.8355033397674561E-002   8.5364997386932373E-002   6.2134981155395508E-002   8.9810013771057129E-002   8.6948037147521973E-002
 LQ_PERF:   17.485846795963589        22.753024249882625        15.553839754504011        21.368856404404074        14.784025012897748        15.270655135632822
 Provide M,N,K for ORGQR
 QR_TIME:   7.4309006333351135E-002  0.11406700313091278        7.8336000442504883E-002   7.8112006187438965E-002   9.3802005052566528E-002   8.8079005479812622E-002
 QR_PERF:   17.867991048671605        11.640111719917462        16.949456858912662        16.998061179147040        14.154843057522372        15.074564622602553
 LQ_TIME:   7.4395954608917236E-002   6.1132013797760010E-002   8.9447021484375000E-002   6.3600957393646240E-002   9.2373967170715332E-002   8.7789058685302734E-002
 LQ_PERF:   17.847119470133833        21.719446285419949        14.844021276124186        20.876312942619993        14.373676162962589        15.124361849687842
 Provide M,N,K for ORGQR
 QR_TIME:   7.3243997991085052E-002   9.0031005442142487E-002   7.6361000537872314E-002   7.5492978096008301E-002   9.0036004781723022E-002   8.5729986429214478E-002
 QR_PERF:   18.127801545754071        14.747726669044772        17.387837386199283        17.587763703154330        14.746907786711663        15.487610756783432
 LQ_TIME:   7.1434974670410156E-002   5.7319998741149902E-002   8.5326969623565674E-002   6.0670971870422363E-002   9.2646002769470215E-002   8.4778964519500732E-002
 LQ_PERF:   18.586882631736731        23.163878561755940        15.560771651186117        21.884493507632293        14.331470870943354        15.661355355367567
 Provide M,N,K for ORGQR
 QR_TIME:   7.5727000832557678E-002   9.2246994376182556E-002   8.0191001296043396E-002   7.7715992927551270E-002   9.2528998851776123E-002   8.9458972215652466E-002
 QR_PERF:   17.533411404154705        14.393451721423403        16.557377243592427        17.084677297216842        14.349584200375395        14.842029000727614
 LQ_TIME:   7.3076009750366211E-002   5.8631002902984619E-002   8.7629973888397217E-002   6.3106000423431396E-002   9.3300044536590576E-002   9.0861976146697998E-002
 LQ_PERF:   18.169485369216481        22.645928335849945        15.151818847863460        21.040051359474241        14.231005961409579        14.612861686568673
 Provide M,N,K for ORGQR
 QR_TIME:   7.4794001877307892E-002   9.2465996742248535E-002   7.7776998281478882E-002   8.1468999385833740E-002   9.3628019094467163E-002   9.0150982141494751E-002
 QR_PERF:   17.752127532606767        14.359361352056219        17.071276718533106        16.297642907234188        14.181146550375557        14.728099777283081
 LQ_TIME:   7.2843968868255615E-002   5.7310998439788818E-002   8.8813006877899170E-002   6.3028991222381592E-002   8.9790046215057373E-002   8.5298001766204834E-002
 LQ_PERF:   18.227363371720624        23.167516290872918        14.949989158968640        21.065758220933013        14.787312691875435        15.566056208904735
m=1000:n=1000:k=840:nb=64
 Provide M,N,K for ORGQR
 QR_TIME:   7.3064997792243958E-002   9.0210996568202972E-002   7.7369004487991333E-002   7.7059000730514526E-002   9.1351002454757690E-002   8.7948977947235107E-002
 QR_PERF:   18.187166497677776        14.730413481191754        17.175421718218619        17.244517413963710        14.546586729117955        15.109274843389757
 LQ_TIME:   7.7791988849639893E-002   5.8409035205841064E-002   8.8396012783050537E-002   6.4171016216278076E-002   9.3841016292572021E-002   9.0182960033416748E-002
 LQ_PERF:   17.082043275284526        22.750694568348422        15.032873974320244        20.707886493823601        14.160610919397989        14.735002261043595
 Provide M,N,K for ORGQR
 QR_TIME:   7.4643999338150024E-002   9.2635996639728546E-002   7.7703982591629028E-002   7.6695978641510010E-002   9.2877000570297241E-002   9.0228021144866943E-002
 QR_PERF:   17.802439469783828        14.344804700142900        17.101379307463645        17.326140216702207        14.307581767718871        14.727634089042612
 LQ_TIME:   7.3954999446868896E-002   5.8089017868041992E-002   8.7575018405914307E-002   6.4047038555145264E-002   9.5964014530181885E-002   9.1758966445922852E-002
 LQ_PERF:   17.968306807367039        22.876030078846838        15.173803490862383        20.747971334472361        13.847337739106999        14.481921184052798
 Provide M,N,K for ORGQR
 QR_TIME:   7.5392998754978180E-002   9.1294996440410614E-002   7.7886015176773071E-002   7.5985014438629150E-002   9.2246979475021362E-002   8.7345004081726074E-002
 QR_PERF:   17.625579323600743        14.555510507822342        17.061410536718331        17.488254622538356        14.405298553540442        15.213752566278888
 LQ_TIME:   7.4877977371215820E-002   5.9540987014770508E-002   8.6495995521545410E-002   6.2376022338867188E-002   9.2635989189147949E-002   8.6343050003051758E-002
 LQ_PERF:   17.746821784622988        22.318174196043294        15.363094117680811        21.303797038882060        14.344814921625197        15.390307847047707
 Provide M,N,K for ORGQR
 QR_TIME:   7.6218999922275543E-002   9.3993000686168671E-002   8.3373010158538818E-002   7.9023003578186035E-002   9.5633000135421753E-002   9.0748012065887451E-002
 QR_PERF:   17.434567251670742        14.137704619483898        15.938554665030331        16.815929790434112        13.895258729918330        14.643243964784528
 LQ_TIME:   7.6026022434234619E-002   5.9884965419769287E-002   8.8633954524993896E-002   6.5069973468780518E-002   9.4632983207702637E-002   9.0049982070922852E-002
 LQ_PERF:   17.478832608262547        22.189978915163906        14.992517564194641        20.421802087218587        14.042103238819156        14.756761627708137
 Provide M,N,K for ORGQR
 QR_TIME:   7.5183004140853882E-002   9.2144005000591278E-002   8.0860987305641174E-002   7.9802006483078003E-002   9.5144003629684448E-002   9.1164022684097290E-002
 QR_PERF:   17.674809555500527        14.421397029480897        16.433700901736266        16.651777800621858        13.966673981600318        14.576422155094354
 LQ_TIME:   7.6375961303710938E-002   5.7959973812103271E-002   8.8344991207122803E-002   6.4395010471343994E-002   9.3139052391052246E-002   8.9866936206817627E-002
 LQ_PERF:   17.398748209738532        22.926962049843244        15.041555857813725        20.635855329060647        14.267335622234231        14.786819002506386
m=1000:n=1000:k=850:nb=64
 Provide M,N,K for ORGQR
 QR_TIME:   7.3674000799655914E-002   9.3656994402408600E-002   8.0917000770568848E-002   8.0480992794036865E-002   9.5384001731872559E-002   9.1846019029617310E-002
 QR_PERF:   18.049918364229931        14.198722780770776        16.434243574728225        16.523276538140948        13.941642999400853        14.478686327941773
 LQ_TIME:   7.1968972682952881E-002   5.9821009635925293E-002   9.0578019618988037E-002   6.4759969711303711E-002   9.4838976860046387E-002   8.9945971965789795E-002
 LQ_PERF:   18.477553596023320        22.229824573227983        14.681382476607265        20.534452933320079        14.021772419185814        14.784548111901914
 Provide M,N,K for ORGQR
 QR_TIME:   7.3945000767707825E-002   9.2429995536804199E-002   8.0568000674247742E-002   7.9012989997863770E-002   9.6070975065231323E-002   9.1760993003845215E-002
 QR_PERF:   17.983767478446428        14.387209393194121        16.505432539857630        16.830266770513980        13.841950694234875        14.492102324396978
 LQ_TIME:   7.2293996810913086E-002   5.8947026729583740E-002   9.0418994426727295E-002   6.4224004745483398E-002   9.4323039054870605E-002   8.9905977249145508E-002
 LQ_PERF:   18.394480989592477        22.559416882897811        14.707203485630849        20.705817945641577        14.098470143931733        14.791125025145520
 Provide M,N,K for ORGQR
 QR_TIME:   7.2582006454467773E-002   9.2748001217842102E-002   8.1134006381034851E-002   7.9632014036178589E-002   9.5061987638473511E-002   9.1605991125106812E-002
 QR_PERF:   18.321478903097255        14.337879873837993        16.390287615709855        16.699435724378866        13.988869084637139        14.516623680037165
 LQ_TIME:   7.1508944034576416E-002   5.8243989944458008E-002   9.2197000980377197E-002   6.5530002117156982E-002   9.5624029636383057E-002   9.1595947742462158E-002
 LQ_PERF:   18.596422698634765        22.831721371906685        14.423577077990107        20.293155913874610        13.906656674652762        14.518224689797329
 Provide M,N,K for ORGQR
 QR_TIME:   7.3932997882366180E-002   9.2874996364116669E-002   8.0848991870880127E-002   7.9637020826339722E-002   9.6542984247207642E-002   9.2287987470626831E-002
 QR_PERF:   17.986687109805054        14.318274584759902        16.448067801807255        16.698385828619159        13.774275887255502        14.409347700027029
 LQ_TIME:   7.4378013610839844E-002   5.9498012065887451E-002   9.0771973133087158E-002   6.5180003643035889E-002   9.4956040382385254E-002   9.0345084667205811E-002
 LQ_PERF:   17.879081269336204        22.350503887884226        14.650012598605425        20.402124511726424        14.004486124788807        14.719235195788194
 Provide M,N,K for ORGQR
 QR_TIME:   7.3640003800392151E-002   9.3941003084182739E-002   8.0453008413314819E-002   7.8253000974655151E-002   9.4814985990524292E-002   9.0608984231948853E-002
 QR_PERF:   18.058251376582881        14.155796258725557        16.529023913789644        16.993721434794601        14.025311358827810        14.676355896406873
 LQ_TIME:   7.0994973182678223E-002   5.9749960899353027E-002   8.9318037033081055E-002   6.5479993820190430E-002   9.4462990760803223E-002   9.0268015861511230E-002
 LQ_PERF:   18.731052219404951        22.256258079231632        14.888488307322216        20.308654176903108        14.077582546240912        14.731802148395387
m=1000:n=1000:k=860:nb=64
 Provide M,N,K for ORGQR
 QR_TIME:   7.4308998882770538E-002   9.2583999037742615E-002   7.8818991780281067E-002   7.8596025705337524E-002   9.4440996646881104E-002   8.9751988649368286E-002
 QR_PERF:   17.907036025330282        14.372396243734816        16.882402197041333        16.930295241501426        14.089791163210309        14.825899013763696
 LQ_TIME:   7.4926018714904785E-002   5.9671998023986816E-002   9.0167999267578125E-002   6.5447986125946045E-002   9.7558021545410156E-002   9.4349086284637451E-002
 LQ_PERF:   17.759582089409712        22.299484248291908        14.757505886885811        20.331485485883853        13.639624491366117        14.103525878200962
 Provide M,N,K for ORGQR
 QR_TIME:   7.4310995638370514E-002   9.4201005995273590E-002   8.1916987895965576E-002   8.2010000944137573E-002   9.6783995628356934E-002   9.1994971036911011E-002
 QR_PERF:   17.906554858658307        14.125686938701733        16.243931255015479        16.225507921971566        13.748697926355593        14.464420228646013
 LQ_TIME:   7.6743960380554199E-002   5.7070970535278320E-002   8.9670002460479736E-002   6.5081000328063965E-002   9.5353007316589355E-002   9.2225968837738037E-002
 LQ_PERF:   17.338885997042816        23.315790278657655        14.839464073690188        20.446132869691006        13.955037365334304        14.428200611707837
 Provide M,N,K for ORGQR
 QR_TIME:   7.3790997266769409E-002   9.3678995966911316E-002   8.1169009208679199E-002   7.9631984233856201E-002   9.5757991075515747E-002   9.1733962297439575E-002
 QR_PERF:   18.032740703983389        14.204399889917743        16.393620335798264        16.710043493230717        13.896009148214400        14.505575543390000
 LQ_TIME:   7.6794981956481934E-002   5.6029975414276123E-002   8.6615979671478271E-002   6.3611030578613281E-002   9.1969013214111328E-002   8.8779985904693604E-002
 LQ_PERF:   17.327366269244692        23.748980258537760        15.362693870657337        20.918616911189932        14.468512094417360        14.988229232526280
 Provide M,N,K for ORGQR
 QR_TIME:   7.4860006570816040E-002   9.8790995776653290E-002   8.4158003330230713E-002   8.3573013544082642E-002  0.10319498181343079        9.6641987562179565E-002
 QR_PERF:   17.775231140825888        13.469384629023708        15.811377021132470        15.922052628844282        12.894560342146557        13.768900594514941
 LQ_TIME:   8.2525014877319336E-002   6.2967002391815186E-002   9.2102050781250000E-002   6.5083026885986328E-002   9.6708953380584717E-002   9.2378020286560059E-002
 LQ_PERF:   16.124259801444868        21.132573085184152        14.447612932750163        20.445496217179109        13.759375254154513        14.404452226538943
 Provide M,N,K for ORGQR
 QR_TIME:   7.3703996837139130E-002   9.3165993690490723E-002   8.1810995936393738E-002   8.1771999597549438E-002   9.6139997243881226E-002   9.1773033142089844E-002
 QR_PERF:   18.054026607814691        14.282613937662719        16.264976422418254        16.272733044917214        13.840794239097905        14.499400035517866
 LQ_TIME:   7.7591001987457275E-002   5.6094050407409668E-002   9.5519006252288818E-002   6.6816985607147217E-002   9.4663023948669434E-002   9.0120017528533936E-002
 LQ_PERF:   17.149601705299570        23.721852323650864        13.930785423849766        19.914917859713558        14.056753360441357        14.765363084607545
m=1000:n=1000:k=870:nb=64
 Provide M,N,K for ORGQR
 QR_TIME:   7.4625000357627869E-002   9.6210993826389313E-002   8.3717986941337585E-002   8.1479996442794800E-002   9.8836988210678101E-002   9.3529969453811646E-002
 QR_PERF:   17.841017535940434        13.838189244801457        15.903224487862108        16.340034341247609        13.470523172580450        14.234859134188905
 LQ_TIME:   7.1910977363586426E-002   6.0528993606567383E-002   9.4022989273071289E-002   6.8679034709930420E-002   9.7921013832092285E-002   9.3606948852539062E-002
 LQ_PERF:   18.514375117840835        21.995852411720005        14.160226347763192        19.385636615645275        13.596538249521840        14.223162129740611
 Provide M,N,K for ORGQR
 QR_TIME:   7.4359998106956482E-002   9.5498003065586090E-002   8.2327008247375488E-002   8.2693010568618774E-002   9.7658991813659668E-002   9.4865024089813232E-002
 QR_PERF:   17.904598895833580        13.941505552588687        16.171921807233211        16.100344283574174        13.633009262888761        14.034529087764881
 LQ_TIME:   7.3055982589721680E-002   6.0481011867523193E-002   9.4543039798736572E-002   6.6738009452819824E-002   9.8833978176116943E-002   9.5073997974395752E-002
 LQ_PERF:   18.224199617942229        22.013302504201683        14.082335546162458        19.949453406176563        13.470942226240645        14.003690160989695
 Provide M,N,K for ORGQR
 QR_TIME:   7.5507998466491699E-002   9.4231992959976196E-002   8.1376001238822937E-002   8.0498009920120239E-002   9.6073001623153687E-002   9.0742975473403931E-002
 QR_PERF:   17.632382887103425        14.128810164988113        16.360916237363863        16.539364654122014        13.858065403456019        14.672055143157820
 LQ_TIME:   7.2107017040252686E-002   6.0835003852844238E-002   8.9872956275939941E-002   6.4630985260009766E-002   9.6392989158630371E-002   9.1922998428344727E-002
 LQ_PERF:   18.464039488095491        21.885209594471871        14.814098313537151        20.599822277872526        13.812070998327338        14.483718250746954
 Provide M,N,K for ORGQR
 QR_TIME:   7.4250005185604095E-002   9.4814993441104889E-002   8.0534979701042175E-002   8.1198006868362427E-002   9.4965994358062744E-002   9.1448962688446045E-002
 QR_PERF:   17.931122518738015        14.041934631646642        16.531772218013870        16.396781046096766        14.019607218349138        14.558786681220733
 LQ_TIME:   7.0829987525939941E-002   5.8721005916595459E-002   9.1553986072540283E-002   6.5430998802185059E-002   9.5341980457305908E-002   9.3216061592102051E-002
 LQ_PERF:   18.796936954314845        22.673092690050964        14.542095512314583        20.347951802250932        13.964329287204123        14.282804779136956
 Provide M,N,K for ORGQR
 QR_TIME:   7.2975002229213715E-002   9.5633998513221741E-002   8.0896019935607910E-002   8.2188010215759277E-002   9.4913005828857422E-002   9.2559993267059326E-002
 QR_PERF:   18.244411090500975        13.921680162896578        16.457990653430965        16.199272089747115        14.027434157977162        14.384032377342660
 LQ_TIME:   7.2525978088378906E-002   5.9925019741058350E-002   9.1666996479034424E-002   6.5878987312316895E-002   9.8595023155212402E-002   9.3196034431457520E-002
 LQ_PERF:   18.357378212501938        22.217544787687142        14.524167488181066        20.209582210002804        13.503590418596234        14.285874051638853
m=1000:n=1000:k=880:nb=64
 Provide M,N,K for ORGQR
 QR_TIME:   7.5130000710487366E-002   9.5776997506618500E-002   8.3363994956016541E-002   8.2347005605697632E-002  0.10294899344444275       0.10152903199195862
 QR_PERF:   17.729452248149183        13.907449540877010        15.978286077853879        16.175618654284587        12.938579731902205        13.119535701921192
 LQ_TIME:   8.1297993659973145E-002   7.0267975330352783E-002  0.10315597057342529        7.1107983589172363E-002  0.10387092828750610       0.10225701332092285
 LQ_PERF:   16.384348248139045        18.956212040232590        12.912627670464179        18.732279735222676        12.823748299553982        13.026144581590826
 Provide M,N,K for ORGQR
 QR_TIME:   7.8040003776550293E-002   9.9087998270988464E-002   8.5257008671760559E-002   8.2938015460968018E-002   9.9830985069274902E-002   9.7480028867721558E-002
 QR_PERF:   17.068345663000184        13.442735580924481        15.623510380574720        16.060352452330708        13.342688736124225        13.664478513927360
 LQ_TIME:   7.6034009456634521E-002   5.7688951492309570E-002   9.0947985649108887E-002   6.5430998802185059E-002   9.9377036094665527E-002   9.5914006233215332E-002
 LQ_PERF:   17.518668941951635        23.089596977292420        14.645894908977033        20.357547101291040        13.403646278312594        13.887592566628909
 Provide M,N,K for ORGQR
 QR_TIME:   7.3834002017974854E-002   9.7701996564865112E-002   8.3256006240844727E-002   8.3593994379043579E-002  0.10161998867988586        9.8810017108917236E-002
 QR_PERF:   18.040655031481592        13.633434390623387        15.999011004043631        15.934323630477531        13.107792839812154        13.480553884852943
 LQ_TIME:   8.8653981685638428E-002   6.4082026481628418E-002  0.10070794820785522        7.2894990444183350E-002  0.10785603523254395        9.8194003105163574E-002
 LQ_PERF:   15.024871017336165        20.786087974010517        13.226509562589845        18.273061452966939        12.349931435251612        13.565132267532084
 Provide M,N,K for ORGQR
 QR_TIME:   7.9103000462055206E-002   9.8678000271320343E-002   8.6178988218307495E-002   8.5422992706298828E-002  0.10292300581932068        9.8424017429351807E-002
 QR_PERF:   16.838978954268008        13.498588908749248        15.456363407583297        15.593152590424070        12.941846668745024        13.533421971482843
 LQ_TIME:   8.2031011581420898E-002   6.9986045360565186E-002  0.10449999570846558        7.1084022521972656E-002  0.10186499357223511        9.5952033996582031E-002
 LQ_PERF:   16.237939948819140        19.032574753117085        12.746552102414039        18.738594029175310        13.076274717039411        13.882088628235318
 Provide M,N,K for ORGQR
 QR_TIME:   7.6509997248649597E-002   9.9507994949817657E-002   8.2268998026847839E-002   8.2791000604629517E-002   9.7817987203598022E-002   9.3225985765457153E-002
 QR_PERF:   17.409669427527135        13.385997383142337        16.190956398488137        16.088871378195620        13.617268133186498        14.288009389904982
 LQ_TIME:   7.5679004192352295E-002   5.7750999927520752E-002   9.5718979835510254E-002   7.0297956466674805E-002   9.9071025848388672E-002   9.4426989555358887E-002
 LQ_PERF:   17.600847873400085        23.064789210086726        13.915888387956295        18.948127469842600        13.445047415158712        14.106291498566641
m=1000:n=1000:k=890:nb=64
 Provide M,N,K for ORGQR
 QR_TIME:   7.3662996292114258E-002   9.6865996718406677E-002   8.5853993892669678E-002   8.4784001111984253E-002  0.10206800699234009        9.7612023353576660E-002
 QR_PERF:   18.089752617660636        13.756585645567272        15.521064537380528        15.716943792732188        13.055465853271764        13.651447170326207
 LQ_TIME:   7.3652029037475586E-002   6.1500966548919678E-002   9.7128987312316895E-002   7.0142030715942383E-002  0.10176295042037964        9.7458004951477051E-002
 LQ_PERF:   18.092458380501292        21.667078499328191        13.719346889875583        18.997828497388074        13.094611196857912        13.673030457205188
 Provide M,N,K for ORGQR
 QR_TIME:   7.3611997067928314E-002   9.5979996025562286E-002   8.4501013159751892E-002   8.3489000797271729E-002  0.10158798098564148        9.5955014228820801E-002
 QR_PERF:   18.102285402885375        13.883574027707855        15.769578732515074        15.960729764100195        13.117155859100524        13.887188603008511
 LQ_TIME:   7.2368979454040527E-002   5.9006035327911377E-002   9.3770027160644531E-002   6.7080020904541016E-002   9.8832964897155762E-002   9.4898045063018799E-002
 LQ_PERF:   18.413224561861643        22.583219879029407        14.210791127500837        19.865024668019927        13.482811847106168        14.041872718401077
 Provide M,N,K for ORGQR
 QR_TIME:   7.2999998927116394E-002   9.5923997461795807E-002   8.3077996969223022E-002   8.5426002740859985E-002  0.10080200433731079        9.4335019588470459E-002
 QR_PERF:   18.254046569650235        13.891678988156432        16.039690755828563        15.598826320391929        13.219433370996693        14.125670252819477
 LQ_TIME:   6.9751977920532227E-002   5.8188974857330322E-002   9.5144987106323242E-002   6.6935002803802490E-002  0.10215801000595093        9.9828958511352539E-002
 LQ_PERF:   19.104064282136303        22.900322153246062        14.005428037011526        19.908063258111937        13.043972468946645        13.348293820459549
 Provide M,N,K for ORGQR
 QR_TIME:   7.3085002601146698E-002   9.8036006093025208E-002   8.3560988306999207E-002   8.3669006824493408E-002   9.9152982234954834E-002   9.3991011381149292E-002
 QR_PERF:   18.232815660857515        13.592407862225265        15.946979649214891        15.926391749757309        13.439286947944483        14.177370372112554
 LQ_TIME:   6.9510996341705322E-002   5.8993995189666748E-002   9.3981027603149414E-002   6.7048966884613037E-002   9.8257005214691162E-002   9.4148039817810059E-002
 LQ_PERF:   19.170294487643481        22.587828908956578        14.178885930327331        19.874225240386274        13.561844950274960        14.153733551741148
 Provide M,N,K for ORGQR
 QR_TIME:   7.5263001024723053E-002   9.9637992680072784E-002   8.4179997444152832E-002   8.3409994840621948E-002  0.10066398978233337       0.10248902440071106
 QR_PERF:   17.705185308280139        13.373868181775441        15.829715139680831        15.975847769157632        13.237557768983470        13.001834955419428
 LQ_TIME:   7.6448023319244385E-002   6.3523948192596436E-002   9.8752975463867188E-002   7.1021020412445068E-002  0.10446006059646606       0.10804498195648193
 LQ_PERF:   17.430748528779237        20.977069403178326        13.493732859599419        18.762702397986057        12.756514426577697        12.333254593320392
m=1000:n=1000:k=900:nb=64
 Provide M,N,K for ORGQR
 QR_TIME:   7.8084006905555725E-002  0.10932800173759460        8.9630991220474243E-002   8.6599022150039673E-002  0.11013400554656982       0.10196000337600708
 QR_PERF:   17.071214104218274        12.192565297218136        14.871963166413224        15.392654176746836        12.103335326674827        13.073644133614014
 LQ_TIME:   7.7602028846740723E-002   6.0292005538940430E-002   9.9608004093170166E-002   7.3258996009826660E-002  0.10872501134872437       0.10202598571777344
 LQ_PERF:   17.177253221466326        22.108896330195385        13.382355284954448        18.195576961240342        12.260193707633396        13.065197955424278
 Provide M,N,K for ORGQR
 QR_TIME:   7.4174001812934875E-002   9.8881997168064117E-002   8.8691994547843933E-002   8.7971001863479614E-002  0.10804799199104309       0.10312899947166443
 QR_PERF:   17.971105339061616        13.480601506605845        15.029415076249455        15.152593147326410        12.337006689680095        12.925450715404740
 LQ_TIME:   7.6086997985839844E-002   5.8999001979827881E-002   9.8627984523773193E-002   7.2059035301208496E-002  0.10817706584930420       0.10238301753997803
 LQ_PERF:   17.519283652748079        22.593427944014330        13.515329411184485        18.498578206439639        12.322294837030597        13.019636772079906
 Provide M,N,K for ORGQR
 QR_TIME:   7.3023006319999695E-002   9.8236992955207825E-002   8.7988987565040588E-002   8.7110996246337891E-002  0.10898000001907349       0.10056599974632263
 QR_PERF:   18.254367591476690        13.569112407662866        15.149495827698527        15.302187524414155        12.231499355539572        13.254865494923328
 LQ_TIME:   7.6404035091400146E-002   6.1431050300598145E-002   9.7266018390655518E-002   7.1266949176788330E-002  0.10450398921966553        9.9139928817749023E-002
 LQ_PERF:   17.446587714973159        21.698956691727293        13.704577632099950        18.704177959032869        12.755395367712513        13.445538199351166
 Provide M,N,K for ORGQR
 QR_TIME:   7.3316998779773712E-002   9.8600000143051147E-002   8.6456999182701111E-002   8.5745006799697876E-002  0.10415300726890564       0.10214698314666748
 QR_PERF:   18.181169744876922        13.519156166998673        15.417939699516118        15.545964129595204        12.798370733150756        13.049712864118870
 LQ_TIME:   7.6912999153137207E-002   6.0689032077789307E-002   9.8608016967773438E-002   7.1967959403991699E-002  0.10558003187179565       0.10040295124053955
 LQ_PERF:   17.331136669705963        21.964260334411257        13.518066187616782        18.521988271437163        12.625395885640863        13.276399583180586
 Provide M,N,K for ORGQR
 QR_TIME:   7.5933001935482025E-002   9.8921999335289001E-002   8.8485002517700195E-002   8.8414013385772705E-002  0.10645598173141479       0.10307800769805908
 QR_PERF:   17.554801812426700        13.475150208821905        15.064573227913444        15.076668832844774        12.521502111202077        12.931844820911296
 LQ_TIME:   7.4496984481811523E-002   5.8699011802673340E-002   9.5218002796173096E-002   7.2627007961273193E-002  0.10229200124740601        9.8008990287780762E-002
 LQ_PERF:   17.893203453429045        22.708895074436182        13.999345300840254        18.353911821767301        13.031221246478477        13.600688019394788
m=1000:n=1000:k=910:nb=64
 Provide M,N,K for ORGQR
 QR_TIME:   7.5609996914863586E-002  0.10088799893856049        9.0949997305870056E-002   8.7258994579315186E-002  0.10956799983978271       0.10492700338363647
 QR_PERF:   17.634599582133916        13.216160832092571        14.660275530474847        15.280396323934635        12.169173681637997        12.707424943081318
 LQ_TIME:   7.1020007133483887E-002   6.1434030532836914E-002  0.10041201114654541        7.1079969406127930E-002  0.10782402753829956       0.10254800319671631
 LQ_PERF:   18.774328302923564        21.703816572596740        13.278819085239215        18.758490488109992        12.366009325021617        13.002232012672630
 Provide M,N,K for ORGQR
 QR_TIME:   7.3797002434730530E-002  0.10204900056123734        8.8214993476867676E-002   8.6158990859985352E-002  0.10413402318954468        9.9092960357666016E-002
 QR_PERF:   18.067834410744229        13.065801846828329        15.114800414848304        15.475483251269671        12.804191936126712        13.455567531612749
 LQ_TIME:   7.0680022239685059E-002   5.9188961982727051E-002   9.7271978855133057E-002   7.1492016315460205E-002  0.10370498895645142        9.8495960235595703E-002
 LQ_PERF:   18.864636537300857        22.527053783932022        13.707472035556711        18.650375226746281        12.857172479521806        13.537133165773596
 Provide M,N,K for ORGQR
 QR_TIME:   7.7165007591247559E-002  0.10225399583578110        8.9114993810653687E-002   8.8227987289428711E-002  0.10512501001358032        9.9842011928558350E-002
 QR_PERF:   17.279231372112708        13.039607979147828        14.962151294461494        15.112574376495601        12.683490064141294        13.354618904856164
 LQ_TIME:   7.0906996726989746E-002   6.0649991035461426E-002   9.7345948219299316E-002   7.0316016674041748E-002  0.10423803329467773        9.8988056182861328E-002
 LQ_PERF:   18.804250518940368        21.984387915579447        13.697056265724022        18.962293273535614        12.791424472012553        13.469836477411858
 Provide M,N,K for ORGQR
 QR_TIME:   7.3041997849941254E-002   9.8673999309539795E-002   8.9616000652313232E-002   8.6259990930557251E-002  0.10507199168205261        9.9471986293792725E-002
 QR_PERF:   18.254594058876396        13.512698677766997        14.878503953474324        15.457363322393597        12.689890033061497        13.404296723923006
 LQ_TIME:   7.2599947452545166E-002   6.2256991863250732E-002  0.10024601221084595        7.2094023227691650E-002  0.10822206735610962       0.10208308696746826
 LQ_PERF:   18.365756130492297        21.416918647928700        13.300807688944062        18.494638949319352        12.320527250810519        13.061447979378912
 Provide M,N,K for ORGQR
 QR_TIME:   7.6720997691154480E-002   9.8354995250701904E-002   8.6385011672973633E-002   8.6650997400283813E-002  0.10540899634361267        9.9469989538192749E-002
 QR_PERF:   17.379232024164988        13.556525691464406        15.434992647192658        15.387613068555778        12.649318997911086        13.404565801105697
 LQ_TIME:   7.0748031139373779E-002   5.9843957424163818E-002   9.6615970134735107E-002   6.9352984428405762E-002  0.10547995567321777       0.10204195976257324
 LQ_PERF:   18.846502277544541        22.280493927723072        13.800543824593204        19.225602776711685        12.640818072874383        13.066712292692017
m=1000:n=1000:k=920:nb=64
 Provide M,N,K for ORGQR
 QR_TIME:   7.4548996984958649E-002  0.10193900018930435        8.9353010058403015E-002   8.8728994131088257E-002  0.10546600818634033       0.10105201601982117
 QR_PERF:   17.889483345685814        13.082755741407873        14.925552470233542        15.030521342659142        12.645240518098319        13.197589642728238
 LQ_TIME:   7.4953019618988037E-002   6.3648998737335205E-002   9.9243998527526855E-002   7.1235001087188721E-002  0.10613107681274414        9.9979996681213379E-002
 LQ_PERF:   17.793065133057620        20.953101956931672        13.438031314609850        18.721751100525349        12.566007997384766        13.339107864269378
 Provide M,N,K for ORGQR
 QR_TIME:   7.3431998491287231E-002  0.10007800161838531        8.8596999645233154E-002   8.7705016136169434E-002  0.10782799124717712       0.10019299387931824
 QR_PERF:   18.161606212559196        13.326035876349836        15.052914267303347        15.206006437869032        12.368245244807097        13.310741483644691
 LQ_TIME:   7.5059950351715088E-002   6.1491012573242188E-002  0.10482197999954224        7.2897970676422119E-002  0.10632294416427612       0.10158896446228027
 LQ_PERF:   17.767717054845168        21.688437125856257        12.722941886862124        18.294665100071835        12.543331737874281        13.127842842567594
 Provide M,N,K for ORGQR
 QR_TIME:   7.5221002101898193E-002  0.10168499499559402        9.0525001287460327E-002   8.8793992996215820E-002  0.10968598723411560       0.10448801517486572
 QR_PERF:   17.729663295277284        13.115435960416638        14.732317271833480        15.019518719659745        12.158736714047619        12.763598176959185
 LQ_TIME:   7.8420996665954590E-002   6.1488986015319824E-002  0.10286897420883179        7.3233008384704590E-002  0.10986000299453735       0.10440194606781006
 LQ_PERF:   17.006210284228423        21.689151934750164        12.964491677467317        18.210967832895200        12.139485924338755        12.774129316840371
 Provide M,N,K for ORGQR
 QR_TIME:   7.2865001857280731E-002  0.10055499523878098        9.0091004967689514E-002   8.8876008987426758E-002  0.10958299040794373       0.10581099987030029
 QR_PERF:   18.302930158599057        13.262822367333319        14.803287414523805        15.005658503282584        12.170164685552542        12.604011318622225
 LQ_TIME:   7.6107025146484375E-002   6.1688005924224854E-002  0.10301196575164795        7.2789013385772705E-002  0.10877394676208496       0.10373902320861816
 LQ_PERF:   17.523270124316571        21.619177667020004        12.946495586884426        18.322050237607328        12.260692929686583        12.855759758967990
 Provide M,N,K for ORGQR
 QR_TIME:   7.2634994983673096E-002  0.10307700186967850        8.9766010642051697E-002   8.9516997337341309E-002  0.10940900444984436       0.10353499650955200
 QR_PERF:   18.360888443645880        12.938318109854814        14.856882136803378        14.898210168670181        12.189518099594562        12.881084512104655
 LQ_TIME:   7.5505971908569336E-002   6.3378989696502686E-002  0.10217601060867310        7.2084009647369385E-002  0.10813707113265991       0.10416901111602783
 LQ_PERF:   17.662761319262504        21.042366979756252        13.052417608158160        18.501245512341853        12.332902547026801        12.802693869432350
m=1000:n=1000:k=930:nb=64
 Provide M,N,K for ORGQR
 QR_TIME:   7.2502002120018005E-002  0.10186299681663513        9.6282005310058594E-002   9.0582996606826782E-002  0.11190900206565857       0.10601902008056641
 QR_PERF:   18.397696904865402        13.094743937301550        13.853781459001773        14.725388979894632        11.919236481238569        12.581420380855814
 LQ_TIME:   7.2937011718750000E-002   6.2013983726501465E-002  0.10280197858810425        7.3502004146575928E-002  0.11071097850799561       0.10661602020263672
 LQ_PERF:   18.287982446326360        21.509193730929027        12.975147057669075        18.147407073962594        12.048225099046226        12.510979001699898
 Provide M,N,K for ORGQR
 QR_TIME:   7.3391005396842957E-002  0.10041899979114532        9.0484991669654846E-002   9.0761989355087280E-002  0.11085700988769531       0.10551196336746216
 QR_PERF:   18.174841082874426        13.283042678917591        14.741338153289881        14.696348873331912        12.032345643737720        12.641882658884724
 LQ_TIME:   7.0459008216857910E-002   6.0380995273590088E-002  0.10751599073410034        7.5533986091613770E-002  0.11049598455429077       0.10616600513458252
 LQ_PERF:   18.931160454240686        22.090904331009245        12.406254929081376        17.659213541069750        12.071667539598417        12.564010375158261
 Provide M,N,K for ORGQR
 QR_TIME:   7.3196992278099060E-002  0.10110899806022644        9.0899005532264709E-002   8.9120000600814819E-002  0.10920399427413940       0.10429301857948303
 QR_PERF:   18.223014614209784        13.192395193209896        14.674196402803783        14.967121308432807        12.214478681535494        12.789637102923058
 LQ_TIME:   7.0474982261657715E-002   6.0727953910827637E-002  0.10442501306533813        7.5461983680725098E-002  0.11069804430007935       0.10677099227905273
 LQ_PERF:   18.926869467630919        21.964691778660015        12.773479752072472        17.676063163718613        12.049632840704522        12.492820020945805
 Provide M,N,K for ORGQR
 QR_TIME:   7.3787003755569458E-002  0.10107800364494324        9.3661010265350342E-002   9.1315984725952148E-002  0.11294502019882202       0.11041200160980225
 QR_PERF:   18.077300772621754        13.196440490509541        14.241463509960258        14.607189135648801        11.809904125493368        12.080841217913221
 LQ_TIME:   7.4425995349884033E-002   6.5034985542297363E-002  0.10995000600814819        8.0290019512176514E-002  0.12395697832107544       0.11485803127288818
 LQ_PERF:   17.922108850937637        20.510049765944501        12.131611797284934        16.613158124811637        10.760755933764258        11.613213070237043
 Provide M,N,K for ORGQR
 QR_TIME:   7.5686000287532806E-002  0.10117600113153458        9.1209992766380310E-002   9.0922981500625610E-002  0.11035197973251343       0.10274100303649902
 QR_PERF:   17.623732988037400        13.183658625387784        14.624163641987042        14.670326885297113        12.087412144605112        12.982838599756896
 LQ_TIME:   6.9582998752593994E-002   6.1318039894104004E-002  0.10246199369430542        7.5098991394042969E-002  0.10864198207855225       0.10372507572174072
 LQ_PERF:   19.169492748403208        21.753317495203518        13.018200621584560        17.761500723774112        12.277673551975157        12.859675259031134
m=1000:n=1000:k=940:nb=64
 Provide M,N,K for ORGQR
 QR_TIME:   7.4759997427463531E-002  0.10398399829864502        9.0259999036788940E-002   8.9735001325607300E-002  0.10866796970367432       0.10519301891326904
 QR_PERF:   17.844308800229204        12.829286253915699        14.779974454201582        14.866445203019243        12.276298928173432        12.681834724221648
 LQ_TIME:   7.4952960014343262E-002   5.9386968612670898E-002  0.10164600610733032        7.4966013431549072E-002  0.11285305023193359       0.10593497753143311
 LQ_PERF:   17.798382075167055        22.463537896685416        13.124386004811202        17.795282941357200        11.821048852984493        12.593021220060789
 Provide M,N,K for ORGQR
 QR_TIME:   7.5806006789207458E-002  0.10770500451326370        9.5831006765365601E-002   9.1125994920730591E-002  0.11189001798629761       0.10709995031356812
 QR_PERF:   17.598084063569591        12.386058438312538        13.920760357514444        14.639516212256073        11.922783676407763        12.456032669428748
 LQ_TIME:   7.5468003749847412E-002   6.0797035694122314E-002  0.10612601041793823        7.4568986892700195E-002  0.11154001951217651       0.10597193241119385
 LQ_PERF:   17.676914105505240        21.942540532925545        12.570353061858906        17.890030099504997        11.960204291109761        12.588629740407422
 Provide M,N,K for ORGQR
 QR_TIME:   7.2909995913505554E-002  0.10363600403070450        9.3796998262405396E-002   9.2156976461410522E-002  0.11339297890663147       0.10719501972198486
 QR_PERF:   18.297086199025390        12.872365086604077        14.222635102542448        14.475740537761796        11.764753804540735        12.444985629555314
 LQ_TIME:   7.6103031635284424E-002   6.1623990535736084E-002  0.10624802112579346        7.5453996658325195E-002  0.11215502023696899       0.10771906375885010
 LQ_PERF:   17.529412315573047        21.648085565415993        12.555917803123577        17.680195603698468        11.894620652569486        12.384450564725563
 Provide M,N,K for ORGQR
 QR_TIME:   7.4398994445800781E-002  0.10312999039888382        9.3163996934890747E-002   8.9904993772506714E-002  0.11296597123146057       0.10629701614379883
 QR_PERF:   17.930893958141336        12.935524136482790        14.319270575438246        14.838335714427853        11.809224188996085        12.550121615787477
 LQ_TIME:   7.6460957527160645E-002   6.2350988388061523E-002  0.10504895448684692        7.3298990726470947E-002  0.11126893758773804       0.10552096366882324
 LQ_PERF:   17.447354351089817        21.395673981896842        12.699235575609979        18.199997118353622        11.989342658620053        12.642430220660977
 Provide M,N,K for ORGQR
 QR_TIME:   7.4900001287460327E-002  0.10227199643850327        9.0983018279075623E-002   8.9709013700485229E-002  0.11188596487045288       0.10397899150848389
 QR_PERF:   17.810954032965331        13.044044571889883        14.662521701665773        14.870751833857073        11.923215584230054        12.829904008937733
 LQ_TIME:   7.5450003147125244E-002   6.0842037200927734E-002  0.10076898336410522        7.3656022548675537E-002  0.10912007093429565       0.10473394393920898
 LQ_PERF:   17.681131402985621        21.926310843182257        13.238611480079664        18.111776523344030        12.225444948649868        12.737431341020839
m=1000:n=1000:k=950:nb=64
 Provide M,N,K for ORGQR
 QR_TIME:   7.4344001710414886E-002  0.10853700339794159        9.1233000159263611E-002   9.1693013906478882E-002  0.11326602101325989       0.10958701372146606
 QR_PERF:   17.945804225024602        12.292240049307480        14.623687675194047        14.550322245495847        11.779021528829121        12.174461687504328
 LQ_TIME:   7.3985993862152100E-002   6.6251993179321289E-002  0.10539799928665161        7.4545979499816895E-002  0.11483293771743774       0.10854601860046387
 LQ_PERF:   18.032654295159748        20.137716406340839        12.658341325545145        17.897193905719313        11.618302871279786        12.291227879216734
 Provide M,N,K for ORGQR
 QR_TIME:   7.3554992675781250E-002  0.10476300120353699        9.5514997839927673E-002   9.1861009597778320E-002  0.11385598778724670       0.10765498876571655
 QR_PERF:   18.138305116564670        12.735058032634484        13.968098520359135        14.523712572306268        11.717986255523424        12.392950064798788
 LQ_TIME:   7.0177018642425537E-002   6.3157021999359131E-002  0.10878205299377441        7.6168000698089600E-002  0.11264497041702271       0.11033797264099121
 LQ_PERF:   19.011406808231527        21.124552864660682        12.264558475251004        17.516067610705480        11.843971773091996        12.091611057065498
 Provide M,N,K for ORGQR
 QR_TIME:   7.3334001004695892E-002  0.10504399985074997        9.2667013406753540E-002   9.1255009174346924E-002  0.11177396774291992       0.10679703950881958
 QR_PERF:   18.192964814705359        12.700991031335660        14.397387494769163        14.620160713052142        11.936257850920832        12.492508276784406
 LQ_TIME:   7.0299983024597168E-002   6.2481999397277832E-002  0.10273098945617676        7.5056970119476318E-002  0.11145794391632080       0.10579204559326172
 LQ_PERF:   18.978153231319997        21.352771404080990        12.986965832438816        17.775349149802697        11.970110008503736        12.611192481611090
 Provide M,N,K for ORGQR
 QR_TIME:   7.2598002851009369E-002  0.10315900295972824        9.2350006103515625E-002   9.2415988445281982E-002  0.11459603905677795       0.10982197523117065
 QR_PERF:   18.377404991953579        12.933072846010710        14.446809007294805        14.436494403670595        11.642312517791066        12.148414715649057
 LQ_TIME:   7.2252035140991211E-002   6.2551021575927734E-002  0.10435605049133301        7.7360987663269043E-002  0.11360299587249756       0.10731899738311768
 LQ_PERF:   18.465415505549959        21.329209601805164        12.784729239161891        17.245951613327968        11.744090371502173        12.431758426116984
 Provide M,N,K for ORGQR
 QR_TIME:   7.4900001287460327E-002  0.10496500134468079        9.4541996717453003E-002   9.3380004167556763E-002  0.11246097087860107       0.10958403348922729
 QR_PERF:   17.812588478865138        12.710550020562733        14.111854480789757        14.287458132964307        11.863341473729553        12.174792782482816
 LQ_TIME:   7.0330023765563965E-002   6.2985002994537354E-002  0.10544800758361816        7.5670003890991211E-002  0.11355197429656982       0.10620594024658203
 LQ_PERF:   18.970046909798615        21.182246353401155        12.652338157665373        17.631343747807534        11.749367267851213        12.562045464711533
m=1000:n=1000:k=960:nb=64
 Provide M,N,K for ORGQR
 QR_TIME:   7.2925001382827759E-002  0.10759399831295013        9.6444994211196899E-002   9.5373004674911499E-002  0.11683702468872070       0.11284601688385010
 QR_PERF:   18.296127455599684        12.400739269110410        13.834259941767918        13.989756583090875        11.419711547385941        11.823590737573918
 LQ_TIME:   7.5086951255798340E-002   6.3133001327514648E-002  0.10769701004028320        7.6246023178100586E-002  0.11587798595428467       0.11049795150756836
 LQ_PERF:   17.769346839700958        21.133892765185369        12.388886929181561        17.499221918543586        11.514232569820267        12.074849006667904
 Provide M,N,K for ORGQR
 QR_TIME:   7.3432996869087219E-002  0.10736200213432312        9.6830993890762329E-002   9.4084024429321289E-002  0.11789098381996155       0.11339402198791504
 QR_PERF:   18.169558330550331        12.427535752646403        13.779112104386723        14.181420576904898        11.317617995601822        11.766450264390455
 LQ_TIME:   7.7197015285491943E-002   6.3609004020690918E-002  0.11069500446319580        7.6852977275848389E-002  0.11958909034729004       0.11346805095672607
 LQ_PERF:   17.283648533115660        20.975742358204393        12.053354046736716        17.361020057960676        11.156921389110932        11.758782042610820
 Provide M,N,K for ORGQR
 QR_TIME:   7.4259996414184570E-002  0.10477000474929810        9.5876008272171021E-002   9.4428002834320068E-002  0.11866798996925354       0.11253297328948975
 QR_PERF:   17.967212286925761        12.734991500598731        13.916360766839290        14.129761087301802        11.243513270475873        11.856481536017627
 LQ_TIME:   7.5423002243041992E-002   6.3010990619659424E-002  0.11102199554443359        7.8119993209838867E-002  0.12106597423553467       0.11331295967102051
 LQ_PERF:   17.690174619415767        21.174815169208202        12.017853520440493        17.079444392885041        11.020818098768324        11.774876270761022
 Provide M,N,K for ORGQR
 QR_TIME:   7.5895994901657104E-002  0.10738399624824524        9.6324995160102844E-002   9.2965006828308105E-002  0.11809697747230530       0.11459499597549438
 QR_PERF:   17.579914746869839        12.424990376736915        13.851494285386014        14.352122002896671        11.297876952971903        11.643135973278643
 LQ_TIME:   7.7248036861419678E-002   6.4438045024871826E-002  0.11114299297332764        7.7960968017578125E-002  0.11887705326080322       0.11287200450897217
 LQ_PERF:   17.272232851607498        20.705874603815293        12.004770110160662        17.114283133313108        11.223747926126755        11.820876981890944
 Provide M,N,K for ORGQR
 QR_TIME:   7.3184996843338013E-002  0.10775600373744965        9.5197007060050964E-002   9.3183994293212891E-002  0.12165901064872742       0.11628502607345581
 QR_PERF:   18.231129023017175        12.382095416705722        14.015620461243582        14.318393734031860        10.967088363495224        11.473920289248367
 LQ_TIME:   7.5493991374969482E-002   6.4042031764984131E-002  0.11145204305648804        7.7875018119812012E-002  0.11870098114013672       0.11311101913452148
 LQ_PERF:   17.673540048677012        20.833912404533010        11.971481575476858        17.133172000643906        11.240396390867298        11.795898314851167
m=1000:n=1000:k=970:nb=64
 Provide M,N,K for ORGQR
 QR_TIME:   7.6604999601840973E-002  0.10656900703907013        9.7422003746032715E-002  0.10066899657249451       0.12152299284934998       0.11781495809555054
 QR_PERF:   17.417859760264708        12.520480175918532        13.696034660489479        13.254280716299158        10.979775174349955        11.325345792830968
 LQ_TIME:   7.1193039417266846E-002   6.3346028327941895E-002  0.11302798986434937        8.0546975135803223E-002  0.12366998195648193       0.11486697196960449
 LQ_PERF:   18.741946135767673        21.063611172153674        11.805006101597989        16.565440325354984        10.789167176150505        11.616011871132763
 Provide M,N,K for ORGQR
 QR_TIME:   7.4508994817733765E-002  0.10684099793434143        9.7950994968414307E-002   9.7909986972808838E-002  0.12148100137710571       0.11158597469329834
 QR_PERF:   17.907839761682393        12.488606113731585        13.622068264138230        13.627773644485879        10.983570475008127        11.957552404479157
 LQ_TIME:   7.4033975601196289E-002   6.3521981239318848E-002  0.11304998397827148        7.9181015491485596E-002  0.12078499794006348       0.11510300636291504
 LQ_PERF:   18.022753731172578        21.005265956252906        11.802709412647554        16.851212398803828        11.046869501642174        11.592191656515203
 Provide M,N,K for ORGQR
 QR_TIME:   7.3122002184391022E-002  0.10847200453281403        9.5983996987342834E-002   9.6110999584197998E-002  0.11827102303504944       0.11409699916839600
 QR_PERF:   18.247519216381978        12.300824952454533        13.901225015415331        13.882855716541490        11.281674122363714        11.694392926414402
 LQ_TIME:   7.0266008377075195E-002   6.4624011516571045E-002  0.11786901950836182        8.6247980594635010E-002  0.13180005550384521       0.12473011016845703
 LQ_PERF:   18.989211722966235        20.647064128135355        11.320159576837261        15.470462042133876        10.123638452952491        10.697465978326617
 Provide M,N,K for ORGQR
 QR_TIME:   7.9642996191978455E-002  0.11423700302839279       0.10282900929450989        9.8809003829956055E-002  0.12376898527145386       0.11764597892761230
 QR_PERF:   16.753452328484705        11.680060791408984        12.975863028870384        13.503780913490800        10.780529040240443        11.341612795971491
 LQ_TIME:   7.0650994777679443E-002   6.5201997756958008E-002  0.11367398500442505        8.1462979316711426E-002  0.12172198295593262       0.11537098884582520
 LQ_PERF:   18.885737054356948        20.464037236613830        11.737919717937743        16.379171510687442        10.961833496280285        11.565265439330442
 Provide M,N,K for ORGQR
 QR_TIME:   7.3354996740818024E-002  0.10617800056934357        9.7542986273765564E-002   9.6667975187301636E-002  0.12129297852516174       0.11479598283767700
 QR_PERF:   18.189560347394004        12.566587549636406        13.679047474055674        13.802866331012940        11.000596705795347        11.623186691878500
 LQ_TIME:   7.0336997509002686E-002   6.3217997550964355E-002  0.11310601234436035        7.9558074474334717E-002  0.12122309207916260       0.11438500881195068
 LQ_PERF:   18.970046451431461        21.106269760036810        11.796862804583970        16.771347456761806        11.006946672575069        11.664956132438535
m=1000:n=1000:k=980:nb=64
 Provide M,N,K for ORGQR
 QR_TIME:   7.3068000376224518E-002  0.10653700679540634        9.8722994327545166E-002   9.8205000162124634E-002  0.12259700894355774       0.11641895771026611
 QR_PERF:   18.261358640302578        12.524483277087272        13.515807224940549        13.587097986835666        10.883797015099331        11.461371809570290
 LQ_TIME:   7.4983000755310059E-002   6.2449038028717041E-002  0.11428999900817871        8.1067025661468506E-002  0.12370097637176514       0.11662602424621582
 LQ_PERF:   17.794992552435392        21.366573163007171        11.674879268347130        16.459490515564930        10.786672661256052        11.441030838734903
 Provide M,N,K for ORGQR
 QR_TIME:   7.2903998196125031E-002  0.10576800256967545        9.9945992231369019E-002   9.7243994474411011E-002  0.12294602394104004       0.11789095401763916
 QR_PERF:   18.302438727851843        12.615544659841770        13.350419863871341        13.721371352666059        10.852900461749673        11.318264163002320
 LQ_TIME:   7.5482010841369629E-002   6.3422977924346924E-002  0.11367499828338623        8.1745982170104980E-002  0.12170100212097168       0.11600804328918457
 LQ_PERF:   17.677350207378080        21.038462457433397        11.738042314930150        16.322783145762603        10.963935520215964        11.501977812640156
 Provide M,N,K for ORGQR
 QR_TIME:   7.3605999350547791E-002  0.10898800194263458       0.10027799010276794       0.10118800401687622       0.11980402469635010       0.11711299419403076
 QR_PERF:   18.127883212960814        12.242824312921293        13.306219626386078        13.186552822777891        11.137530340753658        11.393449285305779
 LQ_TIME:   7.5531005859375000E-002   6.2987029552459717E-002  0.11195302009582520        8.3832025527954102E-002  0.12111306190490723       0.11297392845153809
 LQ_PERF:   17.665883365624239        21.184074713170737        11.918588161872711        15.916613389653399        11.017159660678482        11.810883787867727
 Provide M,N,K for ORGQR
 QR_TIME:   7.5401000678539276E-002  0.10869200527667999       0.10039599239826202        9.7585022449493408E-002  0.12372696399688721       0.11463099718093872
 QR_PERF:   17.696329597649171        12.276164715182414        13.290579913856188        13.673419614066264        10.784399106677906        11.640140911396308
 LQ_TIME:   7.6610028743743896E-002   6.3541948795318604E-002  0.11533600091934204        8.3236992359161377E-002  0.12449204921722412       0.11896300315856934
 LQ_PERF:   17.417066171104430        20.999071720291724        11.568997792225616        16.030395887473933        10.718129779290269        11.216276527765883
 Provide M,N,K for ORGQR
 QR_TIME:   7.3149994015693665E-002  0.10725799947977066        9.8874986171722412E-002   9.6421986818313599E-002  0.12170401215553284       0.11508405208587646
 QR_PERF:   18.240889530540951        12.440293185327018        13.495030559929491        13.838347497591387        10.963656303251460        11.594316812935304
 LQ_TIME:   7.4741959571838379E-002   6.1381995677947998E-002  0.10941499471664429        8.0141007900238037E-002  0.12045598030090332       0.11448395252227783
 LQ_PERF:   17.852381013873654        21.738001921618299        12.195055563047262        16.649677549114486        11.077257739024796        11.655100218000854
m=1000:n=1000:k=990:nb=64
 Provide M,N,K for ORGQR
 QR_TIME:   7.4333995580673218E-002  0.11012600362300873        9.8493993282318115E-002   9.8652005195617676E-002  0.12509000301361084       0.11737501621246338
 QR_PERF:   17.950475681774396        12.116398816829644        13.547329492219323        13.525630597717173        10.666964168629956        11.368097087924534
 LQ_TIME:   7.0322990417480469E-002   6.3939988613128662E-002  0.11620199680328369        8.1372976303100586E-002  0.12355601787567139       0.11693799495697021
 LQ_PERF:   18.974329192751732        20.868498711712697        11.482862659054529        16.397723551733446        10.799405750860918        11.410590462843111
 Provide M,N,K for ORGQR
 QR_TIME:   7.4340000748634338E-002  0.11017000675201416       0.10089100897312164        9.9785000085830688E-002  0.12491899728775024       0.11785399913787842
 QR_PERF:   17.949025646526003        12.111559392053913        13.225465713753332        13.372055708295507        10.681566526878026        11.321894800013999
 LQ_TIME:   7.1579992771148682E-002   6.2798023223876953E-002  0.11412495374679565        8.2380950450897217E-002  0.12336301803588867       0.11626386642456055
 LQ_PERF:   18.641124682228536        21.247986823455658        11.691847630102236        16.197088801437442        10.816301280922110        11.476752072973591
 Provide M,N,K for ORGQR
 QR_TIME:   7.3154002428054810E-002  0.11251599341630936       0.10042300820350647       0.10240501165390015       0.12884199619293213       0.12334102392196655
 QR_PERF:   18.240021539659185        11.859030343028433        13.287100275825129        13.029934360143020        10.356332713146811        10.818222012200767
 LQ_TIME:   7.2595953941345215E-002   6.4819991588592529E-002  0.12104099988937378        8.3693981170654297E-002  0.12589299678802490       0.12136292457580566
 LQ_PERF:   18.380247073798209        20.585185793742450        11.023798309824945        15.942981219632291        10.598934047512667        10.994556819257848
 Provide M,N,K for ORGQR
 QR_TIME:   7.5049996376037598E-002  0.10809800028800964        9.8288014531135559E-002   9.9207013845443726E-002  0.12640899419784546       0.11635196208953857
 QR_PERF:   17.779222444120368        12.343711969184369        13.575720156370769        13.449962137543784        10.555661711156489        11.468053963483372
 LQ_TIME:   7.0005953311920166E-002   6.3353002071380615E-002  0.11285400390625000        8.1534028053283691E-002  0.12461602687835693       0.11692297458648682
 LQ_PERF:   19.060258547651241        21.061852262290461        11.823519979924283        16.365333614181242        10.707543832243172        11.412056310738208
 Provide M,N,K for ORGQR
 QR_TIME:   7.3981001973152161E-002  0.11186198890209198       0.10392300784587860       0.10049501061439514       0.12638798356056213       0.12055599689483643
 QR_PERF:   18.036124740297936        11.928364523966069        12.839607009632152        13.277580367844324        10.557416475915373        11.068139407150065
 LQ_TIME:   7.2567999362945557E-002   6.5152943134307861E-002  0.11759501695632935        8.4764063358306885E-002  0.12834596633911133       0.12138891220092773
 LQ_PERF:   18.387327495779527        20.479989173311427        11.346837685269639        15.741713140386343        10.396365449261371        10.992203042328624
m=1000:n=1000:k=1000:nb=64
 Provide M,N,K for ORGQR
 QR_TIME:   7.2855994105339050E-002  0.10852800309658051       0.10255900025367737       0.10359701514244080       0.10328799486160278       0.10150200128555298
 QR_PERF:   18.314649554719576        12.294817576368381        13.010384234436373        12.880023600731731        12.918558461589777        13.145868880418998
 LQ_TIME:   7.5684010982513428E-002   6.3862979412078857E-002  0.11979800462722778        8.4390997886657715E-002  0.12028503417968750       0.11921203136444092
 LQ_PERF:   17.630315606664844        20.893685391502860        11.138190524558468        15.811319138471275        11.093092412533300        11.192939040866060
 Provide M,N,K for ORGQR
 QR_TIME:   7.3027998208999634E-002  0.11008899658918381       0.10540398955345154       0.10183700919151306       0.10000997781753540       0.10145401954650879
 QR_PERF:   18.271512744759352        12.120484710922485        12.659217223683411        13.102623600136139        13.341988760705863        13.152086097370567
 LQ_TIME:   7.6059997081756592E-002   6.4844965934753418E-002  0.11682701110839844        8.3223998546600342E-002  0.11649596691131592       0.11674892902374268
 LQ_PERF:   17.543163965227748        20.577279681858375        11.421442587125108        16.033031617110481        11.453898666000844        11.429081287149478
 Provide M,N,K for ORGQR
 QR_TIME:   7.3128998279571533E-002  0.11051600426435471       0.10615301132202148       0.10245800018310547       0.10085096955299377       0.10113400220870972
 QR_PERF:   18.246277555982104        12.073654027594706        12.569893057034665        13.023209486964211        13.230730511706719        13.193703115262323
 LQ_TIME:   7.7719986438751221E-002   6.5110981464385986E-002  0.11951798200607300        8.7790012359619141E-002  0.11608600616455078       0.11646389961242676
 LQ_PERF:   17.168466711603813        20.493209747265833        11.164286558420969        15.199143548745580        11.494348406720066        11.457052395123698
 Provide M,N,K for ORGQR
 QR_TIME:   7.5481995940208435E-002  0.11163399368524551       0.10321900248527527       0.10119199752807617       0.10110697150230408       0.10137897729873657
 QR_PERF:   17.677486973939647        11.952739089153956        12.927193325573452        13.186141519044366        13.197230420155474        13.161821469830796
 LQ_TIME:   7.6234996318817139E-002   6.4284026622772217E-002  0.12029397487640381        8.4178984165191650E-002  0.11701297760009766       0.11595499515533447
 LQ_PERF:   17.502893217437535        20.756836030668321        11.092267932545766        15.851141626769026        11.403290706439440        11.507335222708726
 Provide M,N,K for ORGQR
 QR_TIME:   7.3244005441665649E-002  0.10938099771738052       0.10371200740337372       0.10112398862838745       0.10154998302459717       0.10326498746871948
 QR_PERF:   18.217627394267964        12.198937912850798        12.865742679247328        13.195009592663824        13.139657538660559        12.921436710619746
 LQ_TIME:   7.5420975685119629E-002   6.5237998962402344E-002  0.11652696132659912        8.4739983081817627E-002  0.11503303050994873       0.11557507514953613
 LQ_PERF:   17.691802418080631        20.453309746195565        11.450852101602150        15.746203285309640        11.599564004223978        11.545162296226769
